10:119564143	rs11198112	RAB11FIP2,LINC02674
10:119572403	rs35563099	RAB11FIP2,LINC02674
10:9640544	rs7913440	LINC00709,HSP90AB7P
1:110724488	rs535930	SLC6A17
11:11180865	rs1001949	LINC02752
1:114620940	rs183827287	OLFML3,SYT6
1:18202181	rs7538231	ACTL8,LINC01654
11:88511524	rs7118677	GRM5
11:88557991	rs10831496	GRM5
11:88614324	rs10160510	GRM5
11:88879915	rs2187128	GRM5,TYR
11:88911696	rs1042602	TYR
11:88947066	rs7116973	TYR
11:89017961	rs1126809	TYR
11:89055561	rs369896246	TYR,NOX4
11:90048899	rs7127419	DISC1FP1
12:102973217	rs1379496	IGF1,LINC00485
12:131091966	rs10848158	RIMBP2
1:215898222	rs17025239	USH2A
1:235775017	rs6429197	GNG4
1:242808341	rs10737883	RSL24D1P4,PLD5
12:87870089	rs4842464	RPL23AP68,CYCSP30
12:88811689	rs4842610	Y_RNA,TMTC3
13:113536132	rs1290177	ATP11A
14:28353131	rs12147172	BNIP3P1,MIR3171HG
15:24346452	rs190989442	PWRN4,PWRN1
15:27858408	rs3098576	GABRG3,OCA2
15:28197037	rs1800414	OCA2
15:28213850	rs4778219	OCA2
15:28230247	rs121918166	OCA2
15:28230318	rs1800407	OCA2
15:28235773	rs1800404	OCA2
15:28271711	rs17652091	OCA2
15:28277939	rs34369918	OCA2
15:28283441	rs1448484	OCA2
15:28286407	rs34022588	OCA2
15:28286468	rs3071601	OCA2
15:28298057	rs895829	OCA2
15:28319648	rs79743671	OCA2
15:28320661	rs6497263	OCA2
15:28320964	rs62007489	OCA2
15:28324446	rs58836608	OCA2
15:28324808	rs72714109	OCA2
15:28327835	rs4778137	OCA2
15:28327906	rs4074658	OCA2
15:28328765	rs7174027	OCA2
15:28335820	rs4778138	OCA2
15:28336950	rs35795965	OCA2
15:28338713	rs4778241	OCA2
15:28345931	rs58843292	OCA2,HERC2
15:28351376	rs150763518	HERC2,OCA2
15:28361369	rs11365574	HERC2
15:28364059	rs7494942	HERC2
15:28365618	rs12913832	HERC2
15:28380518	rs4778249	HERC2
15:28382759	rs117219845	HERC2
15:28383565	rs7403279	HERC2
15:28386626	rs11636232	HERC2
15:28401340	rs28784029	HERC2
15:28419085	rs56743903	HERC2
15:28419161	rs111433258	HERC2
15:28420352	rs142046335	HERC2
15:28455800	rs2525919	HERC2
15:28470843	rs35629645	HERC2
15:28484999	rs150231163	HERC2
15:28486734	rs147936809	HERC2
15:28505116	rs35995546	HERC2
15:28509167	rs34823980	HERC2
15:28513304	rs117201485	HERC2
15:28533565	rs1667392	HERC2
15:28534554	rs111458470	HERC2
15:28534777	rs117325217	HERC2
15:28543152	rs373425948	HERC2
15:28560010	rs11324616	HERC2
15:28561206	rs11396433	HERC2
15:28566385	rs373468882	HERC2
15:28573826	rs745333093	HERC2P1,HERC2
15:29118784	rs36194177	APBA2,GOLGA6L7
15:29261716	rs4424881	APBA2
15:29425936	rs2636060	ENTREP2
15:32980101	rs147237492	ARHGAP11A-SCG5,SCG5
15:36344790	rs1912459	LINC02853
15:47995105	rs1224653	SEMA6D
15:48304110	rs1453858	LINC01491,SLC24A5
15:48400199	rs2675345	SLC24A5,LINC01491
15:48426484	rs1426654	SLC24A5
15:48433494	rs2470102	MYEF2,SLC24A5
15:48539026	rs11636073	SLC12A1
15:48661442	rs17430375	DUT,FBN1
15:48764942	rs16960981	FBN1
1:55906067	rs4463718	LINC01755
16:70892250	rs568405296	HYDIN
16:80256441	rs139343937	DYNLRB2-AS1
16:89466440	rs28431356	ANKRD11
16:89535888	rs55637757	ANKRD11
16:89693099	rs4248913	DPEP1
16:89698760	rs55950592	DPEP1
16:89708037	rs12921177	CHMP1A
16:89787340	rs117990130	VPS9D1,ZNF276
16:89801952	rs11649196	FANCA,ZNF276
16:89887249	rs35096708	SPIRE2
16:89897896	rs7198386	SPIRE2
16:89906879	rs190295257	SPIRE2
16:89950230	rs62052172	TCF25
16:89985844	rs1805005	MC1R
16:89985918	rs1805006	MC1R
16:89986091	rs11547464	MC1R
16:89986117	rs1805007	MC1R
16:89986144	rs1805008	MC1R
16:89986154	rs885479	MC1R
16:89986546	rs1805009	MC1R
16:90004693	rs150909008	TUBB3
16:90024202	rs8049897	DEF8
16:90032455	rs117204628	DEF8
1:81820800	rs75499699	ADGRL2
18:58892069	rs376610691	HMGN1P31,CDH20
18:73087470	rs8084144	TSHZ1,SMIM21
1:882033	rs2272756	NOC2L
19:3548231	rs2240751	MFSD12,MFSD12-AS1
19:3563982	rs10416746	MFSD12
19:3565599	rs112332856	MFSD12
20:32665748	rs6059655	RALY
20:33389660	rs62211613	NCOA6
2:111725741	rs61741441	RPL5P9,ACOXL
2:119631981	rs35805265	MARCO,EN1
2:15833099	rs6743428	LINC01804
22:32963046	rs9609597	SYN3
22:48240861	rs28714227	EPIC1
22:50895020	rs5771001	SBF1
2:365786	rs74535542	LINC01865
3:124343256	rs676091	KALRN
3:156353161	rs6792049	TIPARP-AS1
3:167480661	rs9819158	SERPINI1
4:12933833	rs16887871	U6,ECM1P2
4:6023254	rs4355331	C4orf50
4:65768709	rs6816819	LINC02232
5:104529307	rs35399673	RNA5SP189,RAB9BP1
5:14877781	rs835151	HNRNPKP5
5:149192846	rs17110447	PPARGC1B
5:159875985	rs76586863	MIR3142HG
5:33832433	rs1423300	ADAMTS12
5:33832958	rs2591723	ADAMTS12
5:33835643	rs2591719	ADAMTS12
5:33836049	rs1335589229	ADAMTS12
5:33836059	rs146410588	ADAMTS12
5:33840033	rs145326083	ADAMTS12
5:33844562	rs116074720	ADAMTS12
5:33848133	rs2591736	ADAMTS12
5:33849543	rs528795462	ADAMTS12
5:33849697	rs201918952	ADAMTS12
5:33858776	rs2961906	ADAMTS12
5:33859404	rs114803348	ADAMTS12
5:33881670	rs11442532	ADAMTS12
5:33881997	rs78211086	ADAMTS12
5:33883433	rs79064946	ADAMTS12
5:33899690	rs11742467	RXFP3,ADAMTS12
5:33921694	rs2331343	ADAMTS12,RXFP3
5:33927054	rs13177787	RXFP3,ADAMTS12
5:33928902	rs7713279	RXFP3,ADAMTS12
5:33932331	rs34153565	ADAMTS12,RXFP3
5:33932615	rs34280294	RXFP3,ADAMTS12
5:33933775	rs10054129	RXFP3,ADAMTS12
5:33933962	rs16891958	RXFP3,ADAMTS12
5:33935126	rs70964426	ADAMTS12,RXFP3
5:33935943	rs7702361	ADAMTS12,RXFP3
5:33936721	rs79014396	RXFP3
5:33938447	rs9292519	RXFP3
5:33940419	rs10461708	RXFP3,SLC45A2
5:33940753	rs35400	SLC45A2,RXFP3
5:33940817	rs57525174	RXFP3,SLC45A2
5:33944512	rs35404	SLC45A2,RXFP3
5:33944595	rs1214023646	RXFP3,SLC45A2
5:33946143	rs35406	SLC45A2
5:33946555	rs7380538	SLC45A2
5:33946571	rs35407	SLC45A2
5:33948589	rs35395	SLC45A2
5:33950451	rs10080040	SLC45A2
5:33951116	rs35397	SLC45A2
5:33951551	rs2278007	SLC45A2
5:33951693	rs16891982	SLC45A2
5:33952468	rs111372186	SLC45A2
5:33954388	rs560973795	SLC45A2
5:33957016	rs6451047	SLC45A2
5:33958959	rs28777	SLC45A2
5:33960384	rs10565330	SLC45A2
5:33960448	rs73077127	SLC45A2
5:33962770	rs28117	SLC45A2
5:33966533	rs367752652	SLC45A2
5:33967145	rs35412	SLC45A2
5:33968322	rs6451050	SLC45A2
5:33968753	rs2067350	SLC45A2
5:33969628	rs35414	SLC45A2
5:33976087	rs3776546	SLC45A2
5:33980265	rs35960920	SLC45A2
5:33992529	rs7721230	C1QTNF3-AMACR,AMACR
5:33995044	rs36089417	AMACR,C1QTNF3-AMACR
5:34000610	rs11429237	AMACR,C1QTNF3-AMACR
5:34035240	rs149359	C1QTNF3-AMACR,C1QTNF3
6:167718396	rs13198547	UNC93A
6:170379286	rs9460028	RPL12P23,LINC00574
6:19996808	rs9350204	RPL29P17,ID4
6:31244789	rs2524069	USP8P1
6:32376360	rs17208853	TSBP1-AS1,HLA-DRA
6:32526775	rs112628998	HLA-DRB6
6:33800340	rs78515650	MLN,LINC01016
6:396321	rs12203592	IRF4
7:150444383	rs6972456	GIMAP3P,GIMAP5
7:4500796	rs73311026	CYP3A54P,SDK1
7:56723446	rs187096292	CICP28,TRIM60P16
8:103724898	rs13278114	ADI1P2,GASAL1
8:105159481	rs374951721	RIMS2
8:116588546	rs2049865	TRPS1
8:128644955	rs4130120	CASC11,CASC8
8:22901568	rs4259415	TNFRSF10B
8:70657830	rs4370538	SLCO5A1
8:81905533	rs895267	PAG1
9:12696499	rs2762461	LURAP1L-AS1,TYRP1
9:16882916	rs4644350	RN7SL720P,BNC2
9:16885017	rs12350739	RN7SL720P,BNC2
9:20300843	rs10122939	MLLT3,SLC24A2
9:81883960	rs80343610	CHCHD2P9,KRT18P24
9:98362492	rs928618	PTCH1,ERCC6L2-AS1
