chrom	pos	Denisova11	Goyet	LesCottes
1	882033	1	3	1
1	18202181	3	2	3
1	55906067	1	4	1
1	81820800	6	2	3
1	110724488	0	0	5
1	114620940	8	1	3
1	215898222	2	4	2
1	235775017	4	5	1
1	242808341	1	3	2
10	9640544	10	3	2
10	119564143	9	2	6
10	119572403	8	3	0
11	11180865	7	2	2
11	88511524	7	1	2
11	88557991	10	3	0
11	88614324	4	1	4
11	88879915	5	2	2
11	88911696	3	0	3
11	88947066	2	3	3
11	89017961	17	0	1
11	89055561	1	5	4
11	90048899	8	0	3
12	87870089	2	1	4
12	88811689	21	1	0
12	102973217	2	5	4
12	131091966	7	2	5
13	113536132	11	3	2
14	28353131	5	4	NA
15	24346452	9	0	0
15	27858408	14	1	1
15	28197037	5	5	2
15	28213850	10	3	1
15	28230247	17	2	0
15	28230318	17	2	0
15	28235773	14	4	2
15	28271711	15	6	2
15	28277939	1	3	1
15	28283441	7	2	3
15	28286407	4	1	1
15	28286468	3	2	0
15	28298057	3	4	1
15	28319648	1	4	3
15	28320661	16	0	2
15	28320964	2	3	2
15	28324446	4	0	4
15	28324808	7	2	3
15	28327835	2	1	0
15	28327906	5	1	4
15	28328765	10	4	3
15	28335820	3	1	5
15	28336950	11	1	1
15	28338713	0	2	3
15	28345931	5	4	0
15	28351376	3	0	0
15	28361369	1	3	6
15	28364059	6	1	1
15	28365618	5	3	7
15	28380518	5	7	3
15	28382759	7	2	3
15	28383565	3	1	2
15	28386626	11	4	1
15	28401340	6	4	1
15	28419085	2	0	0
15	28419161	1	0	0
15	28420352	2	2	1
15	28455800	3	3	2
15	28470843	0	2	2
15	28484999	6	2	3
15	28486734	9	1	7
15	28505116	2	1	2
15	28509167	1	5	0
15	28513304	3	2	3
15	28533565	3	1	1
15	28534554	5	2	4
15	28534777	3	1	3
15	28543152	4	0	4
15	28560010	4	2	8
15	28561206	13	7	15
15	28566385	2	2	10
15	28573826	4	3	4
15	29118784	7	0	4
15	29261716	4	3	2
15	29425936	3	2	0
15	32980101	0	1	0
15	36344790	5	1	4
15	47995105	5	1	2
15	48304110	0	2	4
15	48400199	7	2	2
15	48426484	13	2	2
15	48433494	7	4	2
15	48539026	4	3	3
15	48661442	5	3	2
15	48764942	1	2	0
16	70892250	8	5	4
16	80256441	4	2	3
16	89466440	33	1	1
16	89535888	6	1	2
16	89693099	10	2	0
16	89698760	7	1	0
16	89708037	17	1	1
16	89787340	78	2	0
16	89801952	7	0	0
16	89887249	3	4	2
16	89897896	1	1	2
16	89906879	3	1	3
16	89950230	14	3	0
16	89985844	72	3	0
16	89985918	28	4	3
16	89986091	55	1	0
16	89986117	21	0	0
16	89986144	113	2	2
16	89986154	151	2	2
16	89986546	55	2	1
16	90004693	3	4	1
16	90024202	3	2	2
16	90032455	6	0	1
18	58892069	3	1	3
18	73087470	8	1	2
19	3548231	176	3	0
19	3563982	2	2	1
19	3565599	7	0	1
2	365786	22	4	2
2	15833099	4	2	0
2	111725741	3	2	0
2	119631981	4	1	1
20	32665748	10	4	3
20	33389660	13	2	3
22	32963046	2	2	1
22	48240861	9	2	3
22	50895020	14	4	2
3	124343256	2	4	0
3	156353161	9	2	1
3	167480661	2	1	1
4	6023254	3	0	1
4	12933833	5	0	0
4	65768709	5	1	1
5	14877781	6	1	1
5	33832433	9	1	9
5	33832958	7	1	3
5	33835643	9	1	1
5	33836049	1	2	6
5	33836059	0	2	4
5	33840033	4	3	4
5	33844562	6	2	1
5	33848133	0	0	1
5	33849543	0	1	2
5	33849697	0	0	1
5	33858776	5	1	1
5	33859404	18	2	2
5	33881670	1	0	3
5	33881997	3	5	3
5	33883433	8	0	7
5	33899690	2	1	0
5	33921694	5	2	6
5	33927054	4	2	0
5	33928902	2	2	3
5	33932331	13	1	1
5	33932615	6	2	2
5	33933775	0	3	6
5	33933962	6	1	4
5	33935126	8	3	4
5	33935943	2	4	2
5	33936721	4	3	1
5	33938447	23	0	1
5	33940419	7	5	3
5	33940753	7	1	3
5	33940817	3	3	2
5	33944512	22	1	5
5	33944595	4	1	0
5	33946143	8	2	1
5	33946555	3	2	3
5	33946571	5	4	7
5	33948589	3	2	2
5	33950451	5	3	2
5	33951116	2	1	0
5	33951551	12	1	3
5	33951693	21	2	4
5	33952468	1	4	0
5	33954388	5	4	3
5	33957016	2	0	1
5	33958959	2	1	2
5	33960384	2	5	2
5	33960448	7	2	2
5	33962770	3	0	2
5	33966533	2	0	0
5	33967145	8	0	1
5	33968322	0	3	4
5	33968753	7	3	3
5	33969628	13	0	1
5	33976087	7	3	1
5	33980265	1	1	1
5	33992529	5	1	6
5	33995044	5	0	3
5	34000610	0	0	4
5	34035240	9	0	1
5	104529307	3	0	1
5	149192846	4	4	1
5	159875985	6	1	1
6	396321	7	1	2
6	19996808	9	3	2
6	31244789	8	2	6
6	32376360	2	5	5
6	32526775	1	0	0
6	33800340	16	1	0
6	167718396	20	3	4
6	170379286	21	0	3
7	4500796	2	3	4
7	56723446	7	7	4
7	150444383	9	4	1
8	22901568	3	2	1
8	70657830	1	2	4
8	81905533	10	4	2
8	103724898	3	1	1
8	105159481	2	2	1
8	116588546	0	2	3
8	128644955	4	3	3
9	12696499	11	1	4
9	16882916	1	5	7
9	16885017	14	1	1
9	20300843	9	3	5
9	81883960	2	5	2
9	98362492	6	1	0
