chrom	pos	LP6005441-DNA_A01	LP6005441-DNA_A03	LP6005441-DNA_A04	LP6005441-DNA_A05	LP6005441-DNA_A06	LP6005441-DNA_A08	LP6005441-DNA_A09	LP6005441-DNA_A10	LP6005441-DNA_A11	LP6005441-DNA_A12	LP6005441-DNA_B01	LP6005441-DNA_B02	LP6005441-DNA_B03	LP6005441-DNA_B04	LP6005441-DNA_B05	LP6005441-DNA_B06	LP6005441-DNA_B07	LP6005441-DNA_B08	LP6005441-DNA_B09	LP6005441-DNA_B10	LP6005441-DNA_B11	LP6005441-DNA_B12	LP6005441-DNA_C01	LP6005441-DNA_C02	LP6005441-DNA_C03	LP6005441-DNA_C05	LP6005441-DNA_C06	LP6005441-DNA_C07	LP6005441-DNA_C08	LP6005441-DNA_C09	LP6005441-DNA_C10	LP6005441-DNA_C11	LP6005441-DNA_D01	LP6005441-DNA_D02	LP6005441-DNA_D03	LP6005441-DNA_D04	LP6005441-DNA_D05	LP6005441-DNA_D06	LP6005441-DNA_D07	LP6005441-DNA_D08	LP6005441-DNA_D09	LP6005441-DNA_D10	LP6005441-DNA_D11	LP6005441-DNA_D12	LP6005441-DNA_E02	LP6005441-DNA_E03	LP6005441-DNA_E05	LP6005441-DNA_E06	LP6005441-DNA_E07	LP6005441-DNA_E08	LP6005441-DNA_E09	LP6005441-DNA_E10	LP6005441-DNA_F01	LP6005441-DNA_F02	LP6005441-DNA_F03	LP6005441-DNA_F04	LP6005441-DNA_F05	LP6005441-DNA_F06	LP6005441-DNA_F07	LP6005441-DNA_F08	LP6005441-DNA_F09	LP6005441-DNA_F10	LP6005441-DNA_F12	LP6005441-DNA_G02	LP6005441-DNA_G03	LP6005441-DNA_G04	LP6005441-DNA_G05	LP6005441-DNA_G06	LP6005441-DNA_G07	LP6005441-DNA_G08	LP6005441-DNA_G09	LP6005441-DNA_G10	LP6005441-DNA_G11	LP6005441-DNA_G12	LP6005441-DNA_H02	LP6005441-DNA_H03	LP6005441-DNA_H05	LP6005441-DNA_H06	LP6005441-DNA_H07	LP6005441-DNA_H08	LP6005441-DNA_H09	LP6005441-DNA_H10	LP6005441-DNA_H11	LP6005441-DNA_H12	LP6005442-DNA_A02	LP6005442-DNA_A03	LP6005442-DNA_A04	LP6005442-DNA_A08	LP6005442-DNA_A10	LP6005442-DNA_A11	LP6005442-DNA_A12	LP6005442-DNA_B01	LP6005442-DNA_B02	LP6005442-DNA_B03	LP6005442-DNA_B04	LP6005442-DNA_B08	LP6005442-DNA_B10	LP6005442-DNA_B11	LP6005442-DNA_B12	LP6005442-DNA_C02	LP6005442-DNA_C04	LP6005442-DNA_C07	LP6005442-DNA_C10	LP6005442-DNA_G12	LP6005443-DNA_D02	LP6005443-DNA_D06	LP6005443-DNA_D07	LP6005443-DNA_F06	LP6005443-DNA_G03	LP6005519-DNA_A06	LP6005519-DNA_B06	LP6005519-DNA_F06	LP6005519-DNA_H03	LP6005592-DNA_A02	LP6005592-DNA_B01	LP6005592-DNA_B03	LP6005592-DNA_C01	LP6005592-DNA_C02	LP6005592-DNA_C03	LP6005592-DNA_C05	LP6005592-DNA_D01	LP6005592-DNA_D03	LP6005592-DNA_D04	LP6005592-DNA_E01	LP6005592-DNA_E02	LP6005592-DNA_F01	LP6005592-DNA_F03	LP6005592-DNA_G01	LP6005592-DNA_G03	LP6005592-DNA_H01	LP6005592-DNA_H03	LP6005619-DNA_B01	LP6005619-DNA_C01	LP6005677-DNA_A02	LP6005677-DNA_A03	LP6005677-DNA_B01	LP6005677-DNA_B02	LP6005677-DNA_C03	LP6005677-DNA_D01	LP6005677-DNA_D03	LP6005677-DNA_E01	LP6005677-DNA_F01	LP6005677-DNA_G01	LP6007068-DNA_A01	LP6007069-DNA_A01	SS6004467	SS6004468	SS6004469	SS6004470	SS6004471	SS6004472	SS6004473	SS6004474	SS6004475	SS6004476	SS6004477	SS6004478	SS6004479	SS6004480	Vindija33.19	Chagyrskaya8	Mez1	Denisova3	Altai	Denisova25
1	882033	33	29	34	40	65	30	30	25	42	33	20	31	36	29	21	57	28	19	39	34	24	37	38	32	32	45	80	35	29	25	37	28	31	32	34	38	62	47	37	26	31	41	26	23	41	33	57	36	35	28	29	36	33	31	38	35	49	30	42	44	38	26	30	36	46	41	36	40	35	30	40	28	32	34	41	22	27	37	27	36	36	32	30	33	28	37	33	38	26	39	31	23	26	25	35	28	41	47	21	35	24	22	31	44	41	31	33	38	38	46	41	52	23	44	38	31	36	24	41	37	32	23	27	35	33	19	46	50	61	40	39	28	41	29	42	30	40	31	28	43	38	34	32	51	38	34	39	38	35	35	60	40	31	32	41	57	37	33	46	20	24	1	28	39	18
1	18202181	41	37	37	34	57	36	41	28	30	31	39	46	40	35	46	68	50	41	34	46	19	35	35	35	25	48	76	32	33	26	24	29	28	26	31	38	46	38	49	33	28	40	34	33	50	42	58	35	41	33	35	35	39	37	40	50	60	36	35	33	37	22	34	45	56	39	33	42	37	29	43	31	29	52	35	32	47	33	46	40	25	37	33	32	30	41	27	31	25	32	34	40	24	34	30	34	36	43	29	36	42	40	30	34	46	41	62	56	44	52	47	45	38	36	42	33	38	37	30	44	39	44	30	35	58	39	50	59	60	33	41	35	47	44	41	44	50	46	42	44	36	42	61	57	42	37	60	38	35	32	38	39	45	40	45	51	35	28	38	32	24	1	33	51	22
1	81820800	36	33	39	41	54	32	46	29	42	37	35	34	47	38	35	89	37	62	44	51	38	44	52	32	38	44	78	36	32	50	31	51	38	34	42	33	75	44	26	37	34	45	38	42	47	37	63	37	29	24	43	52	37	30	41	50	55	34	36	39	34	37	52	47	47	39	45	46	37	35	48	44	40	41	47	44	32	39	34	35	42	34	39	33	35	35	29	44	44	34	36	44	38	38	46	49	35	49	37	54	40	48	37	40	34	40	55	50	58	55	47	54	36	51	57	27	58	42	42	49	46	34	35	47	49	49	54	53	49	61	39	58	64	58	42	36	53	42	30	43	45	48	45	38	46	33	56	33	38	33	39	34	41	33	36	46	42	40	40	27	33	3	29	49	31
1	110724488	40	39	46	45	58	35	41	33	29	47	29	28	44	38	34	66	32	27	38	49	21	34	29	45	43	36	69	35	46	32	41	19	40	24	33	35	69	36	38	41	31	38	38	28	42	42	59	31	32	33	28	38	35	40	47	37	57	34	31	40	41	27	32	40	43	44	39	34	29	34	38	42	40	40	37	27	36	35	40	32	25	30	31	30	31	38	32	34	28	40	24	53	29	33	33	42	30	40	27	30	46	31	28	29	34	39	37	53	51	48	46	42	35	36	34	39	35	44	36	49	37	32	37	36	47	32	36	47	48	63	41	40	46	44	43	36	48	27	38	45	48	52	44	40	30	45	50	41	33	46	47	43	51	37	34	52	38	35	32	20	24	1	25	28	11
1	114620940	45	42	44	47	69	33	36	27	36	42	25	46	30	41	44	92	39	36	30	40	23	42	45	36	30	42	81	27	26	42	31	37	33	31	46	39	77	34	43	37	31	52	34	37	39	32	65	49	36	35	34	34	40	52	50	44	69	40	25	53	31	36	32	41	51	42	56	48	43	26	32	31	36	35	43	34	45	35	53	43	34	34	36	46	29	45	29	36	38	33	32	44	36	55	48	43	40	45	27	30	44	31	39	52	43	59	46	44	48	46	52	50	28	39	44	52	53	47	40	55	33	52	33	35	46	42	59	53	74	45	53	49	49	51	47	33	52	45	40	33	42	44	29	39	46	36	46	41	29	43	49	41	40	50	44	48	56	42	34	30	24	3	31	48	16
1	215898222	40	27	45	56	76	35	39	28	51	35	29	41	42	40	44	79	35	45	42	42	34	25	40	37	39	44	93	39	36	52	41	46	43	20	38	33	61	35	35	46	40	33	44	34	41	38	55	44	27	42	31	55	41	46	42	40	70	26	39	46	31	46	33	49	28	41	52	35	28	38	47	31	35	29	48	39	39	32	50	37	29	38	38	33	44	52	42	32	21	38	46	38	27	34	46	30	38	36	25	44	38	44	32	41	37	47	63	50	48	55	62	51	48	47	50	44	49	55	41	45	50	51	37	50	45	33	58	54	48	43	34	54	58	47	46	38	53	52	32	44	43	47	47	53	56	46	52	38	42	41	53	53	42	44	48	49	51	49	39	38	27	2	38	59	22
1	235775017	35	43	35	35	71	37	31	33	32	42	33	26	29	30	34	87	39	28	38	36	35	38	45	39	33	47	75	39	27	37	37	34	28	49	33	39	76	38	44	38	46	34	28	38	28	32	59	37	31	29	34	39	37	38	34	41	55	28	33	37	28	26	29	42	48	56	23	42	39	39	28	33	38	31	53	37	33	32	41	35	36	35	26	28	46	34	32	41	32	34	44	27	35	34	30	45	46	28	23	32	35	31	34	26	47	48	38	52	34	36	49	41	31	43	40	36	44	42	30	43	32	48	53	40	36	33	49	63	51	65	43	32	34	33	29	29	47	41	45	41	28	36	34	50	48	45	30	46	35	36	45	44	43	35	35	36	46	36	52	46	31	4	33	75	27
1	242808341	41	19	37	38	62	33	38	24	25	29	25	24	28	41	36	63	23	22	35	22	29	24	38	46	30	38	79	37	32	29	32	32	39	35	42	38	60	40	34	36	35	33	27	32	32	27	53	39	34	37	37	33	43	39	20	51	50	29	32	33	43	29	30	29	35	43	32	40	25	34	42	21	31	41	38	43	48	29	32	37	23	35	32	39	30	33	21	32	25	34	30	27	30	31	35	21	31	40	31	30	42	38	32	32	42	28	33	36	29	41	50	31	35	31	35	35	43	38	32	38	32	45	54	48	41	32	27	38	34	46	36	34	37	41	37	28	31	40	34	48	36	37	31	37	36	33	41	28	44	32	36	35	22	39	37	43	37	37	39	.	.	.	.	.	.
2	365786	21	28	28	29	51	35	27	20	23	42	28	28	24	36	37	67	25	19	26	29	20	21	28	41	27	28	80	37	22	36	31	34	29	35	30	27	67	35	27	30	36	34	35	29	39	38	67	35	31	27	40	33	26	41	28	39	51	16	25	21	34	30	30	24	32	36	37	32	20	37	29	34	44	36	37	35	31	32	30	24	36	29	28	23	34	36	19	37	35	27	25	29	23	30	40	32	36	32	19	27	33	30	27	32	40	28	20	30	33	38	43	43	28	34	31	40	45	35	47	41	31	42	30	37	39	25	47	35	63	44	30	38	40	37	32	23	30	36	21	32	43	30	27	48	58	36	37	32	36	41	40	50	27	51	33	56	35	36	34	16	27	.	15	45	10
2	15833099	38	38	44	35	52	26	29	30	35	31	25	37	30	36	37	79	40	38	37	52	32	28	53	39	37	32	70	42	29	25	38	37	39	23	33	38	62	35	36	44	26	41	21	38	44	41	62	32	33	30	26	41	40	37	41	47	62	25	41	31	38	37	29	37	43	36	44	32	27	38	31	48	35	33	34	39	34	30	34	31	41	30	30	42	32	32	26	28	23	39	39	29	33	41	37	34	31	44	34	43	46	31	29	34	24	38	43	41	39	39	45	45	20	50	39	28	50	33	31	36	42	36	42	27	38	41	49	51	63	32	41	42	46	37	40	35	35	33	28	42	33	30	42	33	40	39	30	31	24	34	25	23	22	30	38	35	36	34	30	35	25	6	27	33	12
2	111725741	37	44	46	45	76	40	53	35	38	34	29	35	46	38	40	91	32	38	34	41	43	40	44	43	39	43	86	32	34	41	42	31	51	38	39	37	77	43	40	30	44	54	36	47	43	42	72	33	37	34	56	48	34	38	40	67	55	41	41	49	42	34	38	67	44	36	40	43	41	46	51	37	36	43	55	34	31	40	60	32	55	35	37	40	32	46	41	47	39	35	36	40	35	38	54	40	41	51	22	34	44	32	35	37	46	53	60	52	39	50	63	42	36	40	43	49	38	40	36	53	36	57	42	50	58	46	58	53	49	45	43	54	51	47	50	36	56	55	44	46	46	42	31	50	58	41	51	38	54	45	70	63	46	49	39	42	46	47	39	.	.	.	.	.	.
2	119631981	28	29	41	38	54	30	36	27	39	40	26	38	35	26	22	68	43	31	37	34	30	30	38	36	27	49	73	39	27	23	43	29	46	37	36	39	61	32	45	27	38	37	28	23	35	38	68	31	27	49	43	45	38	32	38	41	44	25	33	32	35	25	23	39	41	31	43	40	38	36	43	38	44	29	38	40	33	35	31	28	23	29	39	29	30	21	39	38	37	31	32	36	28	30	37	40	47	54	23	33	20	37	30	24	36	36	54	29	50	53	40	37	44	35	50	40	41	47	37	33	43	48	30	42	34	30	45	38	19	38	45	39	35	36	38	27	40	32	42	38	42	42	29	49	52	46	46	33	43	40	59	41	51	54	60	58	45	39	33	22	19	1	17	32	2
3	156353161	40	33	47	55	77	41	35	31	46	37	21	36	41	45	36	99	48	31	48	45	31	43	47	43	33	38	90	38	30	43	43	30	48	41	27	44	69	36	37	43	42	54	37	33	43	38	72	46	37	38	40	52	47	33	41	32	81	28	44	45	39	35	35	30	43	52	42	39	41	49	42	41	29	51	44	46	52	35	43	42	41	36	36	25	30	48	30	34	40	35	36	39	24	32	36	46	40	54	29	37	36	30	32	41	40	46	57	52	45	38	56	52	35	34	39	48	54	50	41	51	39	46	40	33	38	48	38	69	31	52	59	49	52	25	41	28	47	41	30	52	42	46	39	50	56	41	38	40	40	40	35	44	33	32	47	37	46	34	24	35	26	4	36	47	25
3	167480661	51	28	41	45	57	36	44	34	24	47	21	44	42	40	40	96	48	33	38	41	33	37	25	38	31	42	81	28	24	33	36	28	53	41	37	36	75	45	34	28	33	42	36	35	44	39	72	44	30	36	35	51	37	42	42	50	71	30	30	49	39	44	38	42	52	39	50	32	28	40	36	38	48	37	34	33	37	35	53	47	42	35	42	26	26	42	31	51	34	33	45	42	42	45	39	36	41	31	42	32	40	33	35	50	40	45	57	52	43	47	52	61	34	50	58	48	49	37	37	55	52	38	22	51	44	47	61	59	31	60	38	46	40	31	42	32	43	49	40	37	30	39	29	33	36	32	22	22	30	27	30	24	38	21	36	37	36	29	35	29	26	2	26	49	21
4	6023254	.	.	.	.	.	.	.	.	.	.	.	.	.	.	.	.	.	.	.	.	.	.	.	.	.	.	.	.	.	.	.	.	.	.	.	.	.	.	.	.	.	.	.	.	.	.	.	.	.	.	.	.	.	.	.	.	.	.	.	.	.	.	.	.	.	.	.	.	.	.	.	.	.	.	.	.	.	.	.	.	.	.	.	.	.	.	.	.	.	.	.	.	.	.	.	.	.	.	.	.	.	.	.	.	.	.	.	.	.	.	.	.	.	.	.	.	.	.	.	.	.	.	.	.	.	.	.	.	.	.	.	.	.	.	.	.	.	.	.	.	.	.	.	.	.	.	.	.	.	.	.	.	.	.	.	.	.	.	.	24	24	.	33	51	20
4	12933833	38	39	32	38	41	36	33	37	44	42	37	37	46	29	24	71	40	40	37	39	29	44	29	37	46	34	69	42	27	37	46	34	45	39	39	31	45	37	30	27	33	46	28	28	38	32	57	32	35	24	35	40	34	34	42	33	57	27	45	47	39	31	46	40	32	42	36	57	34	44	46	52	37	29	40	27	33	39	36	45	35	28	47	39	23	39	28	45	28	34	36	39	33	35	50	36	33	34	33	38	41	30	29	43	32	42	43	44	40	40	47	50	38	40	55	37	52	45	36	51	42	44	37	59	41	40	40	56	22	38	34	45	41	38	34	32	56	41	44	49	40	47	31	27	47	24	48	33	39	41	41	38	45	29	34	45	37	30	25	23	20	3	25	50	16
4	65768709	44	46	30	50	67	42	27	27	38	55	35	34	53	38	44	78	44	44	52	51	36	28	45	52	26	38	89	38	39	32	43	30	46	37	31	36	72	37	32	38	45	36	41	44	45	46	60	38	41	44	32	48	47	49	42	35	60	19	40	36	45	38	38	40	36	44	48	40	33	32	45	33	42	35	36	40	45	51	52	49	38	33	42	43	34	48	40	41	29	43	44	21	41	42	35	40	31	33	28	31	49	45	43	43	41	33	57	54	54	45	84	45	38	46	50	46	58	42	32	59	62	50	40	47	47	43	53	51	44	33	37	49	60	37	59	39	54	49	26	53	43	46	51	35	34	44	43	28	30	39	45	51	43	31	33	38	52	41	37	28	32	.	30	37	28
5	14877781	42	32	38	47	75	31	35	36	50	40	29	29	31	43	41	97	39	43	38	52	26	34	46	44	26	49	88	49	46	44	25	47	38	41	41	47	67	49	32	35	41	36	38	32	38	33	60	46	28	34	39	35	39	53	40	30	69	44	31	45	36	39	41	39	50	38	31	48	37	44	38	34	34	46	42	40	43	43	35	48	40	37	37	37	37	46	33	33	29	36	38	40	37	37	54	44	46	46	21	37	28	40	28	30	43	46	48	34	38	54	65	44	27	54	47	49	48	50	40	43	46	40	44	38	51	38	56	54	44	56	38	48	42	54	50	42	53	43	38	44	48	33	45	35	34	27	44	39	35	43	40	44	38	43	37	46	51	36	38	23	23	3	26	30	4
5	33832433	49	37	38	38	61	46	31	48	41	42	31	38	42	46	46	95	44	31	36	38	26	41	41	43	44	54	79	46	34	43	51	34	33	45	38	33	61	46	45	41	44	42	33	58	41	35	70	39	28	40	40	44	46	31	55	45	68	35	39	27	42	31	39	49	35	44	38	55	51	43	45	44	45	49	43	27	49	42	54	34	38	42	43	39	19	41	32	40	37	38	36	44	35	42	41	35	50	43	29	30	40	47	38	35	53	37	38	47	49	58	60	44	40	36	54	38	42	46	39	53	49	37	46	48	50	42	57	44	30	54	42	44	59	45	40	33	41	40	46	61	39	46	32	38	48	38	44	39	42	31	41	40	52	39	25	51	46	38	33	34	35	1	30	44	25
5	33832958	42	33	47	40	78	38	33	34	36	46	29	34	32	31	48	77	42	29	38	34	33	44	36	55	37	46	85	34	47	39	44	38	46	43	41	41	78	47	36	51	57	37	46	46	52	38	83	48	29	37	43	42	48	35	39	46	74	42	39	56	36	49	44	49	46	51	41	39	37	33	43	44	47	41	39	39	44	39	53	41	42	39	44	42	38	42	38	39	34	36	36	41	45	34	30	40	40	36	50	29	46	35	36	38	47	47	51	40	43	47	54	44	34	45	53	50	50	51	47	48	47	45	34	55	40	46	36	53	21	43	54	38	52	40	37	32	52	35	41	48	47	45	38	42	43	40	46	44	29	27	48	42	42	37	32	41	47	23	29	22	25	2	23	45	21
5	33835643	33	42	36	49	63	26	40	40	38	38	30	37	49	38	35	81	32	34	38	31	35	37	46	31	40	45	88	56	36	41	27	35	38	35	32	31	51	46	44	30	29	46	29	35	41	34	51	42	41	45	38	37	46	46	38	30	62	35	39	39	33	42	42	51	59	49	48	42	48	44	55	42	39	43	42	38	26	42	49	49	41	35	34	50	36	51	31	45	37	39	41	35	32	32	46	45	38	45	32	22	38	32	38	34	58	49	44	57	44	52	43	49	29	52	55	42	59	39	50	35	42	49	31	52	36	39	54	58	26	37	47	51	49	36	31	30	58	36	46	43	39	32	37	26	46	49	41	52	33	37	48	41	44	50	45	41	49	48	48	28	15	2	47	33	14
5	33840033	50	45	49	50	58	32	41	30	39	41	34	44	40	38	47	81	37	32	36	56	30	35	41	66	38	31	77	37	44	42	34	46	39	35	38	40	66	52	52	54	44	51	23	50	53	53	60	50	43	34	37	44	47	34	46	49	78	27	50	50	51	34	41	39	56	59	35	44	35	33	36	46	47	46	49	39	53	51	52	43	46	38	33	32	24	45	30	44	43	38	40	39	41	41	38	54	45	53	40	38	39	43	35	49	38	42	51	45	54	47	65	54	33	48	63	49	47	51	30	67	42	45	43	48	47	44	53	51	25	48	46	49	51	39	43	38	53	54	39	54	52	40	45	45	50	48	40	47	48	37	43	47	45	52	43	34	41	43	39	20	24	.	38	71	18
5	33844562	39	34	39	48	67	38	36	43	32	36	26	37	39	51	46	85	34	21	35	41	32	35	40	42	30	36	68	42	28	35	37	40	56	37	49	31	59	48	42	42	36	40	28	47	46	40	69	39	47	48	32	32	49	36	37	37	62	42	35	32	33	26	44	50	54	49	71	53	23	27	36	36	33	38	42	38	37	29	40	42	35	40	37	34	32	38	29	34	41	27	35	39	32	33	43	31	30	36	36	33	37	38	29	33	49	40	47	42	35	49	44	32	26	38	40	45	36	40	43	40	33	33	50	38	51	28	32	62	21	44	41	45	40	34	36	33	54	39	31	40	40	41	27	37	23	41	40	26	49	37	54	43	42	29	37	48	36	39	35	.	.	.	.	.	.
5	33848133	39	35	43	39	59	40	38	27	34	33	40	29	36	30	35	76	37	28	40	37	30	24	30	26	36	38	69	47	38	33	36	37	41	35	26	52	72	52	37	32	33	25	25	35	51	33	53	39	33	42	31	33	30	49	42	43	75	34	30	26	42	30	29	40	37	28	40	40	40	38	30	36	40	53	37	42	36	25	41	31	39	46	30	31	37	35	26	35	34	31	42	38	32	26	39	34	31	32	28	26	35	42	37	34	49	35	49	32	33	50	56	34	34	38	52	46	46	30	31	36	48	48	35	43	40	37	46	46	48	52	26	38	49	37	37	34	38	40	38	49	42	38	38	44	43	35	37	48	50	37	44	32	32	39	29	51	39	51	40	.	.	.	.	.	.
5	33859404	42	31	33	38	62	39	29	34	32	37	28	42	32	33	33	71	38	29	43	31	31	31	44	30	35	34	60	38	23	26	34	29	43	36	40	33	69	47	35	29	29	35	33	40	46	37	59	31	29	36	37	44	39	40	40	36	62	32	44	34	41	36	35	41	50	45	35	37	42	34	36	32	40	35	40	42	39	31	53	41	21	37	25	31	20	46	29	32	32	30	27	41	26	34	43	41	41	37	38	37	37	32	30	23	48	53	50	37	42	44	39	51	38	39	46	38	52	54	38	46	35	53	50	26	40	39	41	51	25	52	37	43	35	48	36	24	46	47	44	47	35	44	31	30	44	43	33	39	42	41	45	43	50	39	45	43	39	36	37	.	.	.	.	.	.
5	33881997	34	32	50	30	60	37	36	27	25	31	34	31	30	41	41	79	37	38	21	46	20	35	36	34	35	33	85	38	35	24	41	32	44	30	28	34	60	37	25	38	40	33	31	32	45	46	56	41	25	23	43	32	29	29	34	40	64	34	37	38	40	36	42	34	46	41	34	43	39	29	38	51	43	28	35	32	36	43	40	28	31	39	32	37	27	35	31	33	48	28	40	24	31	32	34	53	33	39	30	43	45	27	21	43	51	45	38	41	36	44	46	54	18	35	40	48	47	34	33	56	49	49	31	37	32	46	36	54	55	53	46	42	52	33	41	25	44	36	37	48	42	35	38	39	34	29	35	28	29	41	36	34	37	31	33	39	36	32	25	45	32	1	39	68	29
5	33899690	44	34	34	43	80	26	32	41	26	36	32	44	45	39	33	100	40	38	37	52	39	36	38	35	36	44	82	43	35	44	37	32	52	44	35	38	71	44	38	31	39	34	37	32	45	45	84	35	43	39	38	36	38	36	53	48	71	46	47	51	44	41	30	53	37	52	39	55	34	39	38	41	44	46	42	39	30	32	55	33	51	37	43	43	32	38	32	37	30	43	36	47	44	37	38	53	38	39	29	32	43	38	35	39	32	40	49	36	55	50	44	41	24	47	51	36	47	40	43	50	42	53	49	48	53	40	51	42	20	53	38	44	50	27	47	28	50	67	35	34	48	42	38	49	48	38	52	34	38	34	44	46	48	38	43	56	48	40	43	23	25	2	20	43	14
5	33921694	39	50	56	41	82	58	57	46	43	44	34	35	42	61	54	105	41	38	50	53	57	39	57	40	40	47	97	54	43	45	38	41	52	46	41	62	93	48	46	44	47	48	32	51	59	61	69	45	35	51	34	54	61	46	57	54	84	46	50	47	54	44	40	53	59	50	67	63	46	52	49	37	57	45	56	46	55	54	57	42	65	54	42	52	39	33	35	48	38	45	39	54	38	46	55	46	37	44	44	50	50	44	33	49	71	51	48	52	54	65	59	63	44	63	60	51	57	42	50	61	54	48	35	56	47	40	60	68	30	54	62	63	70	31	62	38	43	63	41	43	58	50	40	53	42	29	46	51	34	33	41	45	54	51	44	47	61	35	37	31	32	4	43	68	46
5	33927054	35	40	27	40	60	24	45	20	29	51	36	31	32	55	46	75	46	26	40	36	25	43	32	24	34	31	57	44	45	37	39	32	36	34	33	43	58	37	41	32	36	37	36	35	43	33	74	39	33	40	40	48	42	52	40	49	65	23	35	28	39	34	38	51	39	52	32	40	35	41	39	41	34	36	39	40	34	52	47	45	29	35	33	39	25	29	31	43	42	36	27	41	26	37	27	36	36	39	34	34	44	25	39	29	40	40	42	32	38	47	34	38	32	34	42	47	33	38	38	45	35	29	37	34	42	37	45	40	61	43	41	50	39	27	43	28	38	27	38	25	43	42	31	27	29	25	24	18	27	33	19	27	25	17	33	34	34	37	26	.	.	.	.	.	.
5	33928902	51	43	40	46	84	29	44	35	34	46	38	52	40	44	38	86	47	44	46	54	29	48	36	43	31	55	95	48	40	42	51	36	42	40	47	35	76	35	44	44	37	33	37	48	41	42	60	49	25	39	52	41	49	40	35	53	74	43	41	48	41	33	37	38	40	46	52	57	42	30	40	54	42	48	37	52	41	26	60	33	44	35	38	41	31	45	36	52	33	30	40	45	47	36	49	38	39	41	44	51	42	30	44	50	57	47	68	38	43	56	56	57	36	41	49	41	49	57	45	50	40	45	43	46	43	43	48	54	42	47	47	57	55	34	37	42	50	42	44	41	54	54	47	48	34	40	37	40	42	29	43	36	49	38	40	50	24	32	28	.	.	.	.	.	.
5	33932331	43	36	35	48	60	39	36	35	33	43	35	30	35	42	44	64	36	28	42	30	38	36	38	36	38	38	82	54	27	32	41	36	38	29	38	40	64	38	44	38	47	45	40	34	30	44	65	42	40	38	35	36	36	46	44	50	62	32	35	41	40	44	35	43	61	49	29	48	46	43	45	39	42	38	32	39	37	29	55	44	37	50	35	36	40	38	21	38	33	24	38	39	37	32	46	40	35	39	34	36	38	36	41	42	60	42	43	43	32	44	67	49	41	51	51	55	40	45	48	36	36	43	38	44	48	39	40	56	47	50	44	53	49	55	38	37	40	49	41	40	60	46	34	44	35	36	66	37	38	40	45	51	37	52	34	45	33	40	33	25	17	1	41	48	15
5	33932615	33	33	32	49	53	46	34	32	38	49	38	38	48	40	25	102	47	36	37	41	26	36	39	50	27	40	90	31	42	31	43	26	48	32	48	39	69	40	48	38	37	52	44	42	57	39	54	35	30	43	46	50	30	32	47	42	76	27	40	38	43	32	37	41	40	44	48	48	38	49	56	49	44	42	36	35	37	34	40	51	46	36	42	38	36	42	36	41	33	29	34	34	33	26	27	29	42	53	33	40	46	36	36	36	55	39	56	39	46	41	61	62	40	40	34	50	39	47	38	42	46	57	35	41	45	38	55	62	56	46	52	51	54	41	47	36	40	38	42	32	42	52	44	37	49	43	51	36	51	40	46	49	45	57	25	34	48	44	40	19	17	2	27	42	11
5	33933775	44	36	49	47	77	44	47	25	46	51	51	40	47	40	37	63	28	37	35	52	25	28	47	46	43	44	104	57	34	40	39	37	39	51	38	42	58	37	48	41	37	51	32	49	53	47	57	32	38	39	38	42	31	52	50	53	68	43	35	49	46	47	54	37	30	38	45	42	38	37	41	46	47	39	54	46	38	38	51	46	51	48	42	34	42	45	32	38	39	35	37	44	35	35	41	56	51	37	30	41	33	45	40	32	46	52	53	38	48	52	55	41	30	38	40	49	50	42	32	58	36	53	42	37	57	37	42	58	52	55	47	43	54	32	61	33	48	48	35	40	38	40	48	50	45	58	53	42	52	49	62	56	55	50	46	55	47	47	32	34	31	2	55	52	26
5	33933962	38	51	31	52	65	40	49	40	41	41	30	44	40	45	43	65	29	29	55	50	35	28	52	43	28	51	87	51	34	35	43	27	30	46	45	36	74	47	55	33	46	47	34	30	52	45	71	35	27	43	41	44	27	36	43	32	66	40	35	43	33	31	45	45	43	38	42	48	37	27	44	42	40	40	59	33	43	33	47	41	54	41	41	40	30	33	45	42	31	34	52	47	41	33	46	47	36	40	33	44	26	36	31	36	53	47	60	46	39	51	57	54	31	53	45	46	42	47	34	44	46	67	37	40	54	42	44	54	38	64	50	52	59	34	35	40	45	43	46	42	43	50	49	55	51	60	47	40	46	41	53	47	46	43	57	55	51	30	31	25	32	2	48	39	24
5	33935943	56	41	41	54	64	43	45	38	41	35	46	52	42	52	35	76	47	31	43	49	43	30	45	38	36	40	100	47	39	50	41	31	60	39	37	44	72	36	28	30	29	49	39	41	51	40	68	42	24	36	49	43	41	43	40	53	65	45	44	51	44	26	45	48	43	42	36	47	37	42	50	49	50	45	51	30	30	44	47	47	38	42	43	40	38	40	43	33	44	37	33	35	34	38	39	48	55	48	24	42	31	34	42	43	63	54	54	52	31	37	62	58	37	37	53	51	49	54	52	48	46	65	41	41	48	38	49	41	87	56	55	64	52	40	37	29	57	51	50	42	50	44	43	40	29	28	39	41	35	47	35	42	37	36	35	49	39	42	29	36	27	3	30	58	35
5	33936721	39	38	51	49	62	39	42	24	33	39	38	32	29	33	25	62	34	38	37	41	27	26	45	32	26	36	72	34	26	26	25	26	40	33	41	41	65	32	37	41	22	35	35	39	46	38	62	39	35	32	39	46	46	47	36	44	54	33	31	37	37	25	25	37	49	57	42	42	32	25	36	42	35	47	36	29	40	47	38	41	28	32	31	36	35	52	26	40	35	38	27	42	19	31	30	52	46	41	32	31	28	38	33	32	48	31	46	57	26	30	40	37	35	57	30	40	49	43	34	41	44	53	35	35	38	31	48	37	95	47	47	44	47	38	44	34	31	44	33	44	36	35	32	53	57	29	42	34	37	42	38	37	33	36	32	54	50	30	18	29	26	1	25	40	16
5	33938447	34	34	29	42	57	37	34	26	26	38	35	30	29	33	30	80	34	30	38	39	32	20	26	28	36	43	77	39	27	31	36	26	41	34	29	21	73	40	38	25	33	32	34	26	39	34	57	36	30	20	19	37	35	35	37	40	43	38	33	40	26	28	29	40	36	43	31	44	38	28	20	27	33	35	39	32	29	36	38	36	30	28	29	28	26	31	26	31	31	22	33	40	32	42	26	29	34	39	25	37	37	34	31	30	44	32	45	39	28	38	39	41	38	36	37	49	37	26	32	38	36	32	32	38	37	31	35	47	75	52	26	35	38	24	42	17	38	38	25	33	34	29	35	38	33	31	37	31	34	39	38	31	32	33	34	51	33	30	27	27	17	1	34	32	18
5	33940419	38	36	51	42	80	39	37	32	28	44	33	39	43	42	45	84	40	40	40	50	44	38	40	42	51	50	84	35	27	45	33	34	41	30	32	45	66	36	36	34	38	44	42	47	48	54	73	38	44	38	41	45	37	44	37	43	83	27	41	50	31	48	39	47	49	44	61	49	46	42	43	36	41	43	45	35	29	44	41	41	38	39	35	32	48	37	20	31	35	42	40	47	30	40	39	54	53	49	32	33	41	32	38	45	57	56	40	54	60	58	73	53	37	43	42	57	58	40	41	58	44	56	36	53	54	37	58	56	79	53	47	53	46	48	29	33	49	39	48	40	43	24	38	30	38	40	41	29	41	44	45	26	35	47	33	40	47	39	20	42	48	3	28	62	32
5	33940753	45	30	39	32	65	35	34	30	35	45	25	47	42	47	43	71	46	33	36	53	31	47	31	61	34	43	80	39	33	32	23	36	48	21	39	36	71	34	34	45	44	50	25	46	35	50	85	43	29	36	38	37	40	44	34	41	68	37	36	53	41	37	37	39	37	46	53	47	39	38	38	34	38	43	47	38	40	43	38	44	27	40	36	42	40	31	30	40	32	37	31	43	34	53	35	33	34	42	25	33	36	41	32	30	48	40	46	52	55	59	63	53	46	44	43	48	56	52	47	46	50	51	39	50	28	37	48	46	63	54	53	48	48	31	47	39	51	38	44	41	49	36	34	45	34	43	58	36	45	51	43	43	48	57	56	52	44	37	30	21	19	1	57	58	15
5	33940817	41	42	39	45	70	37	39	26	32	47	42	52	42	38	39	69	34	37	48	41	37	42	40	58	35	41	81	46	41	44	35	39	44	41	35	38	75	32	39	48	42	38	33	38	44	50	84	35	37	42	41	56	47	42	43	35	65	31	38	39	41	37	28	42	47	48	59	51	43	33	25	41	43	38	49	40	27	34	38	45	31	39	34	50	36	40	31	34	37	44	33	33	29	38	44	44	46	44	41	35	41	39	21	39	52	45	45	56	46	57	54	55	34	39	63	38	50	54	48	63	45	45	42	41	40	45	37	45	60	54	59	51	49	38	50	17	54	26	30	43	42	39	48	48	57	42	53	36	41	56	49	35	50	59	59	59	46	36	31	20	15	3	30	35	15
5	33944512	28	30	33	41	60	35	32	31	31	37	30	28	33	34	45	69	31	30	23	35	33	26	34	43	32	40	57	37	19	29	36	48	34	33	20	34	52	36	34	33	28	32	21	28	37	32	50	21	26	33	31	38	22	41	36	43	58	32	24	37	29	28	37	40	50	35	39	37	25	27	35	40	32	23	46	39	28	21	41	35	26	35	33	38	24	37	24	21	27	23	29	30	27	20	38	31	38	30	20	26	44	26	24	33	38	31	35	37	40	34	45	32	19	45	48	30	48	33	46	43	32	33	46	32	27	26	43	31	58	39	36	31	50	32	32	27	42	28	38	51	27	38	30	42	47	45	42	48	42	32	38	46	41	55	36	44	43	38	33	.	.	.	.	.	.
5	33946143	40	34	33	38	74	41	41	39	37	39	36	45	37	48	41	91	37	41	43	45	31	27	41	52	39	36	96	38	35	34	51	38	28	49	37	43	69	50	27	38	47	38	32	38	43	47	59	36	31	44	44	42	41	44	51	37	57	28	45	34	34	42	46	44	40	40	52	34	37	34	26	52	41	43	37	38	42	52	42	34	32	52	39	55	29	49	31	46	39	36	36	33	27	30	37	35	36	56	34	39	34	26	40	45	48	38	54	52	40	35	61	40	42	33	49	54	60	56	41	49	39	52	38	38	43	39	51	58	55	50	35	48	51	39	35	23	63	54	35	62	46	43	43	47	47	43	44	42	42	39	43	39	34	54	42	49	52	33	46	25	46	1	37	39	28
5	33946555	58	33	41	58	76	30	42	47	42	39	26	49	40	49	44	82	40	45	49	48	35	50	46	36	38	38	89	46	45	36	36	36	38	44	35	39	61	44	40	37	49	47	36	39	54	46	52	48	31	34	37	46	37	36	38	51	65	22	35	40	36	38	57	45	52	53	41	44	39	35	42	45	32	46	38	23	30	36	55	43	29	40	32	46	35	41	28	32	34	31	45	38	39	34	38	56	42	31	32	38	51	38	38	43	40	49	42	43	39	44	76	35	30	52	33	39	37	40	44	51	36	55	33	44	48	39	52	67	48	59	38	54	54	27	52	27	47	52	40	31	44	49	43	49	44	38	38	28	45	35	44	41	44	50	42	38	37	39	41	30	35	1	29	59	12
5	33946571	59	38	44	55	74	27	37	37	39	34	28	47	38	55	46	79	42	44	47	47	40	48	47	37	33	36	85	47	41	40	38	32	39	43	33	42	54	41	40	38	50	48	32	40	46	41	50	54	32	37	37	46	41	38	39	45	71	22	33	46	33	38	53	46	49	50	41	48	45	38	40	41	31	45	41	26	30	40	49	41	29	41	38	38	37	36	29	34	30	28	46	34	37	38	41	47	43	36	33	29	53	35	40	43	42	54	45	42	34	43	72	36	29	52	37	44	38	52	40	50	34	50	38	54	40	39	54	72	55	56	42	47	55	25	45	30	50	54	46	34	39	46	42	45	42	35	46	23	43	32	41	41	41	42	38	45	38	42	33	32	36	1	37	67	18
5	33948589	44	40	41	45	65	43	56	45	44	44	37	42	49	41	46	103	52	33	28	47	38	46	36	39	32	41	98	54	49	47	40	38	47	45	45	41	75	53	45	41	38	44	37	41	40	38	70	48	35	49	43	44	40	45	39	36	57	42	33	53	44	46	38	46	51	41	46	44	35	41	40	33	35	39	45	48	39	45	52	42	38	42	34	44	39	38	39	39	45	40	36	38	45	35	32	30	52	44	26	31	36	49	34	42	50	50	60	47	49	52	58	51	36	39	42	32	42	42	41	46	43	55	48	44	44	48	56	72	35	66	57	44	54	39	45	27	46	41	43	64	47	50	45	34	27	37	40	43	48	27	36	39	42	50	34	44	48	42	36	35	34	2	27	44	34
5	33950451	36	32	62	53	82	39	69	34	45	42	31	33	40	51	48	86	35	31	38	42	32	37	36	53	41	40	98	52	34	41	45	36	42	42	40	38	57	32	33	38	41	36	29	50	41	43	66	42	38	46	40	29	46	43	42	38	53	50	46	40	43	34	50	55	45	55	30	41	40	38	42	53	42	41	36	38	37	43	38	41	38	51	38	43	32	46	30	51	42	43	33	46	41	32	41	35	32	36	34	27	34	40	38	36	36	47	53	42	46	47	74	52	30	61	45	47	53	57	37	34	42	40	26	42	40	42	67	62	29	55	52	58	52	25	36	40	50	39	40	42	50	46	35	55	44	37	35	33	39	43	37	29	38	50	34	42	43	26	17	.	.	.	.	.	.
5	33951116	29	30	40	40	65	43	36	35	28	42	38	32	32	39	44	66	35	41	44	34	26	38	47	43	37	49	88	47	25	32	38	40	43	35	31	49	70	37	40	35	46	46	51	43	44	30	63	33	29	38	31	44	34	41	39	29	66	46	39	44	42	36	42	44	49	42	31	52	33	37	38	37	47	41	37	34	31	47	49	43	38	32	45	36	33	35	33	44	35	24	31	37	39	41	47	28	41	33	31	37	26	26	32	34	47	45	46	46	41	50	58	58	31	45	52	35	48	54	35	52	45	41	34	49	52	36	37	49	28	51	40	58	55	36	52	27	44	37	39	52	48	37	34	45	36	44	43	28	34	30	50	39	34	41	50	41	49	38	42	22	19	3	25	51	20
5	33951551	48	49	44	31	83	42	46	26	47	46	39	39	40	42	36	88	50	44	46	49	55	39	45	51	39	54	99	44	45	45	58	43	36	34	34	43	64	48	62	34	46	50	36	47	61	45	69	48	45	36	42	50	33	31	50	64	79	43	41	43	39	41	31	35	48	50	61	66	48	43	43	49	37	60	38	34	44	32	60	53	40	38	40	53	38	40	32	39	46	41	44	49	49	34	46	43	57	46	19	26	45	29	39	34	47	49	55	51	53	51	71	59	33	56	40	48	55	55	55	56	37	51	38	55	48	46	59	69	32	58	69	58	53	42	53	43	52	59	48	52	50	36	27	44	47	49	51	30	46	38	44	44	38	63	33	48	47	33	35	31	36	1	34	66	28
5	33951693	46	42	38	37	66	33	41	32	34	38	39	46	44	43	36	80	33	32	25	38	32	34	45	42	23	41	83	30	30	48	40	31	42	38	36	46	57	53	55	39	34	45	34	41	53	45	68	37	34	33	34	44	27	42	43	49	50	30	22	46	44	42	45	46	51	36	46	44	42	38	37	41	41	34	34	36	33	39	49	43	28	36	42	34	28	40	34	38	39	40	31	44	36	30	50	30	47	35	25	39	44	34	25	30	53	37	52	44	51	44	55	56	28	37	39	32	46	60	44	53	52	50	43	36	30	38	41	51	26	47	38	55	52	34	29	37	42	53	36	42	53	40	33	45	38	37	54	36	43	46	45	40	34	47	29	39	44	36	29	28	23	2	38	47	10
5	33954388	.	.	.	.	.	.	.	.	.	.	.	.	.	.	.	.	.	.	.	.	.	.	.	.	.	.	.	.	.	.	.	.	.	.	.	.	.	.	.	.	.	.	.	.	.	.	.	.	.	.	.	.	.	.	.	.	.	.	.	.	.	.	.	.	.	.	.	.	.	.	.	.	.	.	.	.	.	.	.	.	.	.	.	.	.	.	.	.	.	.	.	.	.	.	.	.	.	.	.	.	.	.	.	.	.	.	.	.	.	.	.	.	.	.	.	.	.	.	.	.	.	.	.	.	.	.	.	.	.	.	.	.	.	.	.	.	.	.	.	.	.	.	.	.	.	.	.	.	.	.	.	.	.	.	.	.	.	.	.	25	27	1	39	44	22
5	33957016	45	37	44	38	76	42	44	43	30	50	30	21	43	32	43	81	43	35	46	46	43	41	44	50	36	54	81	42	32	51	46	37	39	44	38	38	78	48	33	38	44	56	32	41	43	48	87	52	35	41	36	42	47	48	46	53	56	42	51	48	52	47	46	41	46	49	40	42	40	39	44	46	49	52	38	34	46	50	48	32	39	38	45	54	41	41	36	41	44	42	46	40	36	50	41	40	38	46	30	52	38	30	36	48	47	57	51	58	43	51	75	52	38	52	49	67	56	55	38	58	47	52	39	50	53	36	58	59	6	49	47	52	49	46	45	37	56	48	30	50	45	39	41	35	39	32	29	26	32	19	36	30	34	34	30	36	34	25	30	32	31	5	32	84	39
5	33958959	35	38	44	41	73	25	53	23	29	50	26	41	48	32	42	79	40	38	42	51	28	33	41	32	27	36	89	42	37	47	46	33	47	43	41	40	51	42	38	40	27	46	43	33	46	35	65	30	36	40	26	43	44	37	34	50	60	35	40	40	54	38	30	43	49	47	31	33	36	33	52	40	36	51	30	44	33	34	35	30	37	38	37	33	43	45	28	38	32	28	38	32	35	29	39	32	41	36	41	30	36	29	30	31	47	49	44	36	51	50	49	56	32	33	45	47	46	41	35	36	39	55	33	38	31	36	38	49	17	58	42	57	47	36	49	38	53	53	41	45	56	43	32	40	30	22	43	45	44	59	38	41	28	53	43	41	43	39	39	18	24	3	31	42	12
5	33960448	40	38	32	40	65	48	43	29	43	50	33	33	40	39	27	83	44	36	37	54	49	37	56	38	36	36	89	43	40	39	50	45	53	44	34	35	73	31	37	36	44	45	46	41	39	38	69	39	41	54	47	55	40	45	44	42	64	45	34	51	48	39	48	50	44	47	46	42	42	40	47	44	35	35	33	27	41	40	44	50	40	44	50	42	32	47	32	50	36	52	44	37	42	42	42	47	32	35	31	45	41	37	39	45	50	46	52	40	58	54	53	60	35	47	57	35	40	61	50	47	53	51	42	52	46	45	50	60	25	69	36	48	61	36	25	39	43	46	37	44	47	38	32	41	30	20	53	27	38	29	38	43	32	36	24	33	25	43	31	.	.	.	.	.	.
5	33962770	59	42	35	55	71	41	40	40	37	37	43	38	33	40	42	79	35	46	43	67	42	43	45	53	33	49	92	46	47	46	42	41	41	43	35	40	66	44	42	37	41	41	39	43	26	51	76	39	33	34	34	46	40	39	31	49	54	38	35	44	34	35	54	50	44	44	45	37	35	45	49	63	48	47	50	52	44	38	41	41	37	41	50	46	32	52	30	54	38	42	33	28	36	38	61	37	54	65	24	39	43	41	39	45	59	43	57	41	42	59	53	41	40	58	53	39	61	48	45	74	27	51	52	54	55	46	59	69	32	52	45	55	39	44	54	40	57	52	35	48	54	40	38	62	52	44	57	57	54	47	57	62	43	56	42	56	54	44	48	23	17	6	33	56	20
5	33967145	42	41	27	36	95	43	45	36	44	28	37	38	42	37	41	87	37	41	50	53	38	35	31	34	38	50	64	45	32	34	41	33	39	33	26	44	61	53	40	35	45	31	35	43	42	54	73	35	32	31	27	40	46	37	47	57	62	34	38	44	44	32	34	55	66	38	40	45	37	40	37	45	38	35	42	45	49	40	32	32	48	40	46	38	31	31	23	37	28	36	33	37	33	33	38	31	44	44	35	51	46	29	30	37	38	41	60	34	33	57	43	41	30	47	38	41	46	45	40	44	43	55	35	50	47	49	48	56	65	53	49	57	50	31	32	37	50	41	47	48	45	46	39	41	42	47	36	45	46	35	45	45	35	40	30	55	46	40	29	35	27	1	26	46	13
5	33968322	34	33	36	48	67	35	35	35	31	44	28	27	38	42	41	75	48	43	51	51	31	32	45	49	32	46	89	54	27	27	43	47	41	50	45	29	79	37	31	41	52	57	38	36	39	35	75	44	41	35	42	52	57	32	41	44	64	38	43	37	32	29	35	42	49	45	50	61	36	46	39	28	30	53	43	45	48	31	34	45	42	29	48	35	28	47	35	49	30	40	36	33	35	38	44	42	37	49	30	51	37	31	31	46	40	36	53	41	44	42	54	49	32	50	55	48	59	44	36	48	38	46	25	44	51	47	45	51	61	53	41	56	58	52	53	34	53	48	43	52	47	40	33	42	40	44	42	34	44	29	41	44	43	32	24	33	50	31	32	51	28	.	37	41	25
5	33968753	.	.	.	.	.	.	.	.	.	.	.	.	.	.	.	.	.	.	.	.	.	.	.	.	.	.	.	.	.	.	.	.	.	.	.	.	.	.	.	.	.	.	.	.	.	.	.	.	.	.	.	.	.	.	.	.	.	.	.	.	.	.	.	.	.	.	.	.	.	.	.	.	.	.	.	.	.	.	.	.	.	.	.	.	.	.	.	.	.	.	.	.	.	.	.	.	.	.	.	.	.	.	.	.	.	.	.	.	.	.	.	.	.	.	.	.	.	.	.	.	.	.	.	.	.	.	.	.	.	.	.	.	.	.	.	.	.	.	.	.	.	.	.	.	.	.	.	.	.	.	.	.	.	.	.	.	.	.	.	36	27	1	43	59	28
5	33969628	44	41	47	48	73	49	38	36	40	43	38	33	36	36	43	88	39	33	43	51	47	37	50	42	37	41	78	42	38	43	48	47	48	39	49	46	65	46	39	39	33	42	30	38	47	39	70	33	35	44	40	44	45	50	45	42	68	37	35	56	45	47	45	43	55	37	55	58	39	53	48	33	45	35	43	39	36	32	40	44	34	56	54	43	34	42	45	34	41	30	26	46	42	36	42	46	40	35	36	38	27	29	34	39	40	64	62	50	38	40	49	54	39	39	50	38	59	57	48	45	43	48	43	43	42	45	50	69	56	43	54	52	60	32	55	28	48	46	30	45	39	47	40	33	34	36	51	38	45	30	32	40	37	57	32	36	40	49	25	34	17	2	39	55	14
5	33976087	44	32	44	42	75	25	41	39	49	32	23	29	29	43	41	97	32	44	39	44	30	34	39	30	35	42	83	43	39	24	48	43	42	28	33	33	66	26	46	31	35	47	38	25	41	42	58	29	44	38	37	50	42	44	37	40	63	23	39	45	44	34	39	44	42	31	37	40	30	40	39	29	55	30	46	36	38	37	35	43	33	40	38	33	28	38	38	38	38	34	33	41	42	30	40	47	43	40	32	29	26	48	44	29	56	51	42	33	46	42	54	47	42	39	44	38	48	42	34	44	31	32	34	58	45	27	38	37	28	47	50	36	49	35	48	30	55	49	46	35	41	39	32	34	32	43	52	30	40	37	45	34	39	49	39	49	38	61	27	36	30	5	30	46	20
5	33980265	.	.	.	.	.	.	.	.	.	.	.	.	.	.	.	.	.	.	.	.	.	.	.	.	.	.	.	.	.	.	.	.	.	.	.	.	.	.	.	.	.	.	.	.	.	.	.	.	.	.	.	.	.	.	.	.	.	.	.	.	.	.	.	.	.	.	.	.	.	.	.	.	.	.	.	.	.	.	.	.	.	.	.	.	.	.	.	.	.	.	.	.	.	.	.	.	.	.	.	.	.	.	.	.	.	.	.	.	.	.	.	.	.	.	.	.	.	.	.	.	.	.	.	.	.	.	.	.	.	.	.	.	.	.	.	.	.	.	.	.	.	.	.	.	.	.	.	.	.	.	.	.	.	.	.	.	.	.	.	.	.	.	5	1	.
5	33992529	47	41	38	33	64	34	43	29	39	39	28	33	30	32	35	65	33	35	49	36	33	28	40	41	31	40	80	39	39	50	33	44	45	37	43	29	62	40	38	38	47	46	33	38	48	51	51	42	46	44	34	51	47	46	47	42	56	38	35	53	44	32	31	41	48	32	34	35	33	35	44	42	29	46	57	34	38	34	42	38	42	38	36	36	31	47	34	45	46	43	34	35	41	39	56	36	29	41	37	37	28	25	39	37	43	24	48	44	42	32	50	47	26	41	34	39	36	38	32	51	37	60	20	46	43	36	48	50	76	57	54	46	62	36	28	26	36	36	35	22	28	34	45	25	37	17	14	24	15	16	20	13	23	27	18	26	15	22	15	.	.	.	.	.	.
5	33995044	38	40	48	44	73	36	44	35	32	49	32	38	36	33	32	72	38	37	33	44	40	32	47	39	32	38	93	54	43	36	48	32	42	40	36	41	53	46	46	30	40	40	42	39	50	46	80	41	36	37	39	51	47	46	49	54	60	34	37	38	42	39	37	59	54	44	28	44	39	37	38	31	50	40	42	31	34	52	37	33	35	43	29	44	34	37	38	32	38	31	31	42	42	43	34	39	40	53	40	45	37	34	38	46	53	43	41	39	29	48	67	51	45	63	48	48	43	49	55	44	45	55	40	63	43	54	46	55	62	47	47	45	46	32	38	35	67	53	45	47	43	48	35	49	47	39	51	36	42	37	34	41	42	44	32	37	42	38	46	32	18	.	24	49	14
5	34035240	32	36	36	47	61	24	41	34	29	46	31	33	34	41	37	94	37	39	30	40	28	19	42	34	33	32	71	38	29	34	38	30	29	35	44	36	79	46	43	31	38	45	22	28	46	45	59	42	37	25	33	38	30	38	28	44	57	28	49	45	37	38	45	31	42	44	31	42	38	29	34	30	42	40	41	43	37	37	45	33	31	42	43	42	30	37	31	38	38	29	34	33	36	34	42	38	53	36	26	39	46	38	25	45	42	46	40	38	40	49	52	39	43	34	47	48	36	38	40	44	41	41	57	40	48	28	43	43	31	58	43	31	44	42	44	38	44	30	41	36	40	37	33	49	45	49	48	47	44	43	48	44	41	46	42	53	63	31	41	23	20	.	25	45	8
5	149192846	37	36	47	50	71	35	38	34	42	46	29	43	37	25	36	68	34	24	34	39	29	38	39	36	24	49	95	54	32	52	46	38	44	35	35	26	77	44	42	34	44	44	40	42	37	46	72	26	36	45	37	36	40	38	37	40	54	34	41	32	52	32	39	42	35	40	57	50	39	35	30	39	36	37	43	27	32	34	43	48	43	40	31	48	29	30	28	38	37	40	46	39	30	38	35	37	40	31	22	40	44	33	38	34	57	40	56	48	48	50	42	46	30	44	55	41	40	42	42	49	35	53	41	42	44	40	50	55	67	54	44	43	38	34	48	46	47	43	30	46	49	37	32	53	50	43	59	41	52	52	49	47	39	59	48	57	53	45	37	28	32	2	35	44	21
5	159875985	48	40	49	44	69	42	42	43	35	47	40	45	34	44	36	90	43	25	32	52	23	28	45	57	32	36	79	53	28	53	36	37	50	47	44	42	62	48	36	38	29	42	35	38	60	41	74	37	30	41	49	27	37	34	38	51	58	33	42	46	43	41	42	49	54	41	36	53	40	26	50	51	49	52	37	32	42	39	52	52	46	49	43	36	30	36	29	31	37	27	41	53	37	36	41	42	35	47	34	33	36	35	42	49	46	52	57	50	61	67	54	44	30	40	51	43	46	58	42	56	49	44	45	40	46	42	49	58	32	38	51	38	45	33	36	36	41	56	49	45	56	29	25	38	31	43	47	40	31	32	52	30	50	35	36	46	45	39	34	30	30	3	32	37	21
6	396321	37	32	45	41	89	39	47	34	33	42	38	40	40	46	33	88	41	25	54	54	45	39	37	42	49	53	96	46	40	38	34	31	51	38	35	35	82	27	40	47	34	34	28	45	48	38	70	40	42	42	32	44	27	48	46	46	73	38	45	46	36	35	44	46	43	42	49	53	45	46	50	56	35	35	47	38	42	44	49	39	33	39	50	44	39	43	28	37	24	33	29	37	31	46	38	40	49	34	32	39	37	39	41	48	45	38	45	46	34	48	57	35	35	40	41	49	40	37	51	47	37	51	39	44	41	38	42	59	84	55	41	59	47	36	46	39	38	45	43	44	50	39	39	39	41	46	49	49	50	46	55	40	46	54	40	59	56	57	36	50	36	3	32	52	27
6	19996808	46	44	44	48	79	36	33	35	32	49	23	28	36	41	39	79	44	33	37	41	31	36	29	38	36	45	74	38	24	41	46	37	30	27	31	50	61	48	32	35	27	34	31	33	39	40	66	38	30	37	34	47	52	46	46	47	46	35	57	46	39	42	31	52	36	40	35	48	46	25	50	31	30	35	56	31	31	29	55	40	40	40	40	36	36	47	29	37	51	32	41	38	26	38	45	34	43	38	29	35	37	38	34	42	42	32	46	46	37	36	53	41	29	39	46	47	41	56	43	40	36	38	38	31	44	25	46	64	60	46	48	50	54	23	44	28	44	31	44	44	40	36	37	33	50	26	46	31	35	36	44	30	24	33	28	52	48	38	38	45	32	8	43	64	27
6	32376360	54	36	49	55	60	43	57	55	32	46	48	37	44	45	34	77	35	52	47	68	39	42	51	42	50	45	102	41	44	43	33	47	47	48	44	52	68	45	51	42	45	47	31	37	55	56	92	37	39	47	34	67	51	44	51	41	74	37	40	33	51	46	43	52	47	47	40	51	47	47	35	34	49	43	54	39	41	49	39	53	40	40	43	49	40	40	37	33	42	39	40	55	46	36	38	36	38	43	22	46	37	37	48	31	49	47	52	53	44	46	64	44	32	54	54	54	55	58	36	43	63	65	46	59	66	50	50	69	61	50	53	53	47	31	41	36	54	56	49	49	44	42	48	32	21	38	37	34	35	36	38	38	35	45	37	37	43	42	35	34	35	4	48	59	30
6	32526775	.	.	.	.	.	.	.	.	.	.	.	.	.	.	.	.	.	.	.	.	.	.	.	.	.	.	.	.	.	.	.	.	.	.	.	.	.	.	.	.	.	.	.	.	.	.	.	.	.	.	.	.	.	.	.	.	.	.	.	.	.	.	.	.	.	.	.	.	.	.	.	.	.	.	.	.	.	.	.	.	.	.	.	.	.	.	.	.	.	.	.	.	.	.	.	.	.	.	.	.	.	.	.	.	.	.	.	.	.	.	.	.	.	.	.	.	.	.	.	.	.	.	.	.	.	.	.	.	.	.	.	.	.	.	.	.	.	.	.	.	.	.	.	.	.	.	.	.	.	.	.	.	.	.	.	.	.	.	.	.	2	.	.	37	1
6	167718396	41	40	49	39	62	36	43	31	38	46	31	41	39	48	39	75	38	31	44	34	44	34	48	41	32	57	88	37	25	51	45	34	34	34	46	39	73	50	39	30	46	31	36	36	47	25	54	30	39	30	40	38	22	29	42	40	57	35	38	45	26	31	37	46	45	40	34	49	30	44	34	37	51	38	38	37	42	29	50	38	35	31	40	35	30	34	25	48	28	39	40	47	36	36	40	40	39	47	35	29	49	34	44	40	41	56	54	54	29	41	42	43	33	48	38	39	39	50	30	43	47	40	25	40	47	40	48	55	70	50	30	47	39	29	40	42	55	42	35	45	39	35	44	54	46	24	31	38	36	40	29	34	40	45	43	44	37	35	34	34	17	4	30	47	27
6	170379286	.	.	.	.	.	.	.	.	.	.	.	.	.	.	.	.	.	.	.	.	.	.	.	.	.	.	.	.	.	.	.	.	.	.	.	.	.	.	.	.	.	.	.	.	.	.	.	.	.	.	.	.	.	.	.	.	.	.	.	.	.	.	.	.	.	.	.	.	.	.	.	.	.	.	.	.	.	.	.	.	.	.	.	.	.	.	.	.	.	.	.	.	.	.	.	.	.	.	.	.	.	.	.	.	.	.	.	.	.	.	.	.	.	.	.	.	.	.	.	.	.	.	.	.	.	.	.	.	.	.	.	.	.	.	.	.	.	.	.	.	.	.	.	.	.	.	.	.	.	.	.	.	.	.	.	.	.	.	.	18	27	4	18	41	8
7	4500796	28	29	39	40	66	40	26	24	43	22	28	31	34	34	24	73	40	27	27	46	33	37	34	39	42	43	76	35	36	32	33	35	23	40	31	35	81	39	49	44	42	37	31	37	48	43	67	37	33	37	32	34	39	39	36	46	58	17	41	48	27	29	25	38	47	48	48	41	37	52	35	39	32	35	28	33	33	91	29	53	34	33	35	32	39	44	29	52	41	36	32	37	36	45	47	33	42	40	36	21	34	34	44	34	36	34	48	37	43	57	62	53	34	36	47	50	51	46	42	44	31	47	36	42	55	31	41	47	55	50	41	36	42	34	34	27	46	38	43	48	34	40	43	52	43	35	43	49	29	43	43	27	50	39	44	57	43	33	33	21	31	2	37	43	25
7	150444383	28	38	32	46	69	28	33	27	34	47	30	31	44	26	39	85	39	35	31	42	37	20	48	38	32	48	72	52	31	38	35	34	34	37	37	33	73	32	34	36	45	43	26	35	42	30	71	32	46	44	45	45	28	43	44	49	65	30	29	38	49	32	37	56	43	39	38	57	29	27	52	33	32	38	40	40	48	40	61	32	38	36	35	36	32	46	24	43	41	28	26	38	37	28	37	39	48	32	24	36	44	29	38	41	54	35	50	50	38	47	40	38	34	34	38	52	40	32	45	40	41	57	41	45	40	37	39	35	76	45	42	58	42	33	36	34	32	44	31	38	46	44	39	67	67	47	51	55	54	48	66	53	68	52	52	68	59	36	35	18	19	3	24	35	14
8	22901568	46	34	35	37	63	41	45	33	50	41	30	32	34	49	36	93	39	33	36	64	39	51	47	52	43	52	95	51	31	54	42	29	45	52	38	38	76	44	47	30	48	53	38	40	42	63	59	37	31	37	48	50	43	30	52	45	62	48	36	53	46	40	46	48	56	67	38	46	35	44	42	42	30	40	44	45	47	40	41	50	45	51	38	47	37	46	38	32	38	39	43	61	33	31	42	38	44	56	26	36	44	31	43	33	46	47	52	58	54	46	60	47	38	62	53	50	43	53	34	44	46	50	46	54	60	55	58	58	38	48	48	46	59	26	47	33	58	50	44	42	46	42	39	46	51	49	58	36	53	51	65	57	42	49	40	51	58	38	38	23	31	7	28	57	26
8	70657830	53	36	60	51	68	38	37	53	38	48	35	33	47	35	43	65	30	45	55	39	37	37	61	44	35	40	90	44	31	43	41	32	53	33	29	38	57	37	46	40	32	43	36	35	47	48	52	34	25	35	33	38	33	46	39	45	63	22	27	43	38	52	41	41	47	43	38	57	34	41	41	42	46	46	46	36	35	44	35	34	30	34	37	42	51	40	35	39	38	37	34	25	31	39	45	33	46	33	29	37	49	40	27	41	46	38	51	53	46	44	51	52	32	32	71	61	43	54	39	41	43	64	41	54	53	37	43	56	58	59	41	39	51	40	37	39	61	40	39	48	41	35	34	25	31	30	33	25	25	29	24	26	29	27	26	34	30	23	30	20	31	4	41	58	30
8	81905533	37	38	35	40	59	37	30	35	31	45	34	26	29	38	30	87	49	40	42	40	30	17	40	32	37	38	76	37	29	39	44	18	38	41	39	29	81	34	44	28	37	33	28	26	39	42	57	44	33	26	42	49	31	36	46	45	64	41	38	48	50	26	32	43	41	34	40	38	36	29	50	28	31	36	39	46	46	46	45	40	22	39	39	46	22	45	27	41	35	24	36	37	35	29	52	36	39	29	24	42	42	29	31	36	44	42	41	49	37	32	50	44	33	43	38	41	32	36	38	39	41	42	46	41	49	37	56	49	79	44	40	40	38	32	39	26	38	38	37	40	48	44	35	62	48	37	46	50	38	55	46	42	44	36	46	64	51	33	29	25	23	.	33	34	17
8	103724898	38	43	48	44	66	37	39	27	34	45	21	31	38	31	32	75	30	38	48	45	34	38	41	34	29	44	74	30	32	36	41	37	43	39	28	38	80	37	37	34	36	48	29	44	43	32	64	42	23	28	51	47	53	42	36	49	63	41	25	57	37	34	36	52	33	36	29	32	26	28	40	26	36	52	34	28	28	34	48	41	40	38	39	35	30	44	31	32	29	32	23	38	30	34	32	34	33	39	24	18	42	52	29	40	45	49	46	26	39	39	38	52	35	38	41	37	53	51	36	48	37	43	40	53	40	40	45	60	50	41	42	32	52	22	38	32	53	35	26	36	48	32	39	32	43	38	38	38	44	52	45	39	40	50	46	49	40	37	31	18	13	2	24	36	14
8	105159481	38	27	40	40	61	32	44	39	40	32	39	47	34	36	46	77	44	44	38	42	36	43	49	44	31	38	85	41	29	45	32	31	37	35	37	26	58	50	38	37	47	40	34	35	40	48	68	45	24	38	44	43	30	51	31	43	58	34	42	48	34	39	37	32	58	60	45	50	32	36	48	37	45	45	47	39	46	25	42	34	35	29	41	35	30	38	36	36	37	40	43	35	33	36	48	36	39	35	30	32	28	39	34	37	46	33	54	42	38	44	54	47	45	49	42	40	51	47	37	53	44	56	47	51	43	39	56	72	37	57	40	53	44	36	52	42	48	45	33	37	32	48	47	39	31	32	29	26	40	39	41	34	36	33	24	30	28	46	47	23	33	4	24	41	21
8	128644955	31	45	46	43	78	48	41	47	43	51	40	27	44	42	34	78	52	38	45	44	35	38	43	52	39	62	78	50	34	50	37	36	57	43	60	51	81	46	33	43	31	56	29	38	39	41	72	41	40	32	43	41	40	50	51	52	73	45	39	51	56	39	37	46	37	47	46	43	45	41	50	44	34	38	35	38	32	44	44	43	57	30	39	36	28	41	31	48	43	41	60	44	37	33	49	43	43	42	34	46	34	47	37	40	54	61	48	46	47	54	57	67	33	63	53	38	52	36	44	52	51	53	53	43	74	32	56	65	74	57	54	44	57	35	42	37	48	43	46	48	52	47	42	56	48	47	44	38	38	44	45	36	39	46	52	48	35	35	37	33	21	.	30	44	28
9	12696499	36	39	46	58	60	37	48	34	37	22	35	52	34	37	33	76	48	39	45	58	32	38	47	56	34	39	79	38	41	58	48	29	43	27	38	30	72	35	37	31	36	44	35	34	26	41	55	39	34	33	40	51	55	42	38	54	53	28	46	44	39	43	38	50	37	42	43	47	37	35	49	51	40	38	54	32	38	38	42	43	26	28	47	46	33	47	27	44	32	49	46	38	37	40	29	36	37	39	36	51	47	42	33	50	53	46	34	48	45	67	60	53	39	46	53	50	60	55	34	44	40	60	43	55	50	40	52	45	35	57	47	45	46	33	43	39	53	39	31	45	43	40	43	36	24	29	38	34	31	52	42	31	23	35	35	33	33	33	33	.	.	.	.	.	.
9	16882916	25	40	37	48	48	25	30	29	21	31	28	44	35	22	30	57	40	31	29	30	24	24	29	37	30	35	65	33	19	34	25	25	36	28	35	33	62	34	29	33	26	33	18	22	39	37	48	17	27	37	24	31	33	30	25	47	72	32	36	37	28	28	23	37	36	39	38	41	28	25	34	17	31	34	36	41	26	38	33	26	33	33	31	34	28	31	26	38	27	26	25	34	28	31	37	37	32	20	31	32	28	33	32	30	35	24	41	31	27	36	46	51	37	41	44	31	26	44	28	48	40	35	37	38	39	26	45	43	63	39	38	31	26	34	40	32	38	53	24	32	25	30	31	35	38	34	32	28	36	59	35	40	42	37	43	36	48	21	29	.	.	.	.	.	.
9	16885017	40	37	37	45	54	29	34	18	35	31	25	38	34	32	45	72	47	40	42	38	38	31	36	49	23	43	79	40	24	40	29	36	29	32	31	41	53	42	32	25	25	33	30	26	33	33	63	30	36	33	32	49	37	30	39	24	61	36	31	41	39	31	36	46	35	43	35	42	34	32	33	46	27	40	34	38	39	30	37	32	42	38	32	28	32	33	28	24	38	26	41	39	31	46	32	36	36	42	39	42	30	33	32	36	55	37	41	46	46	55	54	39	21	42	54	53	49	52	46	51	51	35	38	47	32	31	51	48	58	47	41	44	37	45	44	29	57	52	40	47	50	40	43	49	51	47	40	45	48	55	48	31	40	39	41	46	61	48	33	25	18	1	34	40	12
9	20300843	29	43	50	33	71	36	54	43	28	38	37	42	41	37	38	85	40	35	34	49	26	30	46	46	38	33	72	44	40	54	44	42	45	46	50	40	65	39	27	44	47	48	33	45	45	31	75	47	42	36	34	47	43	51	36	39	79	36	28	43	50	31	36	44	29	42	46	39	38	39	40	45	41	37	44	34	40	47	42	33	39	46	39	38	38	42	34	39	38	35	28	33	31	25	39	43	51	36	34	32	35	36	36	36	47	51	58	44	47	53	56	43	48	46	45	53	51	53	37	53	40	50	39	51	39	36	45	55	42	46	42	41	48	46	32	43	67	37	36	48	51	38	35	40	32	34	37	37	35	50	55	33	35	32	33	40	42	28	35	34	41	1	21	45	30
9	81883960	42	35	35	44	56	43	43	23	37	44	21	37	36	33	41	62	38	46	50	48	20	45	48	37	25	44	90	37	36	52	47	34	40	48	37	45	81	42	34	32	41	34	42	31	32	36	75	39	33	32	24	45	33	31	40	41	50	31	30	42	44	23	38	43	38	35	50	46	42	33	46	26	30	46	41	49	34	35	48	36	34	35	42	41	34	47	34	43	29	23	29	32	39	53	53	54	37	29	33	35	31	31	20	29	43	30	53	46	51	54	55	49	32	57	54	62	51	47	34	36	46	37	34	45	59	51	64	52	24	47	33	53	48	53	52	36	52	41	37	49	38	44	39	46	60	58	46	46	54	55	60	52	50	48	42	54	46	43	49	28	26	2	25	45	25
9	98362492	44	28	43	49	83	27	38	37	30	43	39	36	41	45	31	91	41	38	43	43	39	35	57	33	30	44	81	51	37	37	33	40	36	41	47	40	64	44	43	27	44	38	40	35	44	52	65	33	32	38	38	45	47	31	38	38	67	36	28	36	33	47	27	39	46	47	41	46	29	33	44	48	30	44	30	48	45	29	42	36	41	39	44	51	36	52	24	30	31	44	26	32	34	35	33	44	30	46	29	33	29	35	34	43	53	38	40	42	39	45	49	45	37	48	38	44	47	48	42	57	44	56	43	35	53	32	34	58	63	42	53	56	46	28	40	22	49	48	35	42	38	41	45	45	46	43	39	30	30	49	36	32	32	31	31	40	38	36	37	35	24	2	49	55	11
10	9640544	41	32	36	43	62	46	38	29	26	29	39	43	31	36	38	61	29	38	38	46	30	38	46	31	23	42	79	33	38	33	29	35	34	43	39	39	62	37	32	29	32	30	38	36	44	33	66	28	32	33	33	40	32	36	36	47	53	37	42	39	43	41	40	37	44	30	52	46	40	34	38	36	35	37	41	31	37	37	43	44	39	32	33	34	27	42	38	37	38	24	40	44	31	33	39	42	32	56	38	30	31	43	31	39	38	45	52	38	42	49	58	36	42	43	54	48	55	46	42	42	37	41	35	43	55	34	40	56	46	53	50	40	59	33	54	36	50	46	39	49	36	44	34	45	29	38	36	30	34	41	45	41	29	37	28	35	34	38	37	48	37	2	38	58	21
10	119564143	33	39	35	44	53	34	32	26	35	38	36	34	28	40	44	71	33	40	31	50	41	24	32	51	37	51	82	31	36	31	30	46	33	36	39	39	74	40	32	41	33	41	26	42	36	28	61	34	32	30	34	42	29	31	35	50	50	33	38	34	41	32	20	39	34	39	35	40	32	34	44	32	34	29	38	36	42	36	46	40	35	20	34	33	36	48	33	34	37	30	38	34	25	30	37	30	41	45	33	21	39	33	34	31	50	26	39	41	43	33	36	47	29	42	44	40	48	40	37	44	36	29	49	32	35	34	34	46	42	37	26	52	37	39	35	34	34	47	30	30	42	38	33	38	44	30	23	33	28	23	45	23	33	23	28	36	47	31	27	34	30	3	23	45	22
10	119572403	39	42	32	45	65	35	41	32	32	44	38	39	38	31	45	76	43	35	38	38	37	30	42	42	29	41	96	45	31	38	46	47	40	34	38	42	74	47	37	44	31	42	37	50	50	37	55	35	32	31	38	49	40	46	33	43	55	32	30	48	49	44	56	38	33	48	39	60	27	29	43	36	37	40	38	32	37	41	38	39	36	38	37	44	36	42	41	48	31	41	47	48	37	22	45	46	43	40	32	28	43	39	28	37	41	54	41	49	52	39	55	47	46	55	53	42	45	48	40	66	54	57	44	50	42	29	48	68	32	56	42	48	51	31	36	41	51	50	41	52	48	45	43	40	31	43	33	29	42	43	42	46	41	40	22	45	48	39	40	17	23	1	33	39	8
11	11180865	39	43	32	44	69	32	30	15	48	34	30	28	44	38	36	74	34	26	30	43	23	34	40	47	42	31	78	43	29	43	45	35	46	50	33	33	73	48	38	31	32	37	25	30	46	35	46	38	26	38	39	42	44	39	38	44	58	32	38	36	38	39	36	35	39	38	42	38	35	37	34	54	34	45	29	44	39	34	39	40	36	48	33	49	28	30	18	30	34	31	35	28	37	39	36	37	31	52	34	38	26	35	33	44	48	53	43	41	43	51	52	39	34	40	45	38	43	33	33	45	32	59	36	50	51	28	52	54	63	35	40	41	49	50	30	32	50	38	44	33	34	52	39	37	64	43	41	39	48	35	46	38	40	40	44	47	54	40	32	21	23	1	27	37	6
11	88511524	37	32	41	42	55	32	31	40	28	37	37	32	37	40	36	75	52	28	42	34	42	35	49	46	41	44	76	40	42	30	36	33	39	39	37	32	66	34	46	29	39	39	26	38	33	42	58	33	38	38	35	31	34	41	30	40	63	27	29	29	38	26	40	36	41	49	37	49	36	28	34	41	49	39	39	27	37	36	50	38	38	30	39	28	27	44	29	44	32	33	28	34	34	36	51	49	27	41	26	32	32	36	31	47	46	38	42	47	51	57	35	42	33	41	44	44	52	33	40	43	38	38	36	39	40	40	36	58	35	49	36	55	51	40	38	34	51	44	43	45	48	37	38	46	52	38	48	47	48	67	50	60	62	40	44	63	46	36	44	.	.	.	.	.	.
11	88557991	32	35	32	38	58	25	38	34	33	33	32	34	38	41	37	90	43	39	50	47	37	35	41	37	35	42	85	43	34	32	35	42	37	40	38	33	61	38	29	42	42	40	26	35	45	34	61	42	27	31	42	43	52	38	44	41	63	42	49	55	26	40	38	47	50	42	49	45	34	35	42	38	35	40	35	45	37	37	34	38	31	29	38	55	29	37	36	37	37	31	41	37	28	37	37	37	37	45	30	39	41	36	35	51	41	47	48	38	38	47	62	50	27	54	59	42	39	38	38	41	40	65	33	46	54	35	51	65	15	48	41	37	62	34	33	28	53	43	42	47	41	36	27	40	43	51	52	37	42	36	43	48	40	43	35	38	41	24	38	16	24	2	20	33	20
11	88911696	48	37	31	44	63	40	31	34	34	39	30	45	39	43	37	79	31	29	42	47	33	34	33	38	22	30	76	46	38	40	28	34	35	32	32	40	53	41	27	43	26	32	36	38	28	40	57	38	29	38	31	43	36	38	41	36	61	18	38	50	28	33	36	44	43	34	58	47	41	32	32	35	39	33	38	31	29	27	46	43	26	33	36	38	32	46	44	38	30	24	37	31	31	44	40	38	36	40	24	52	48	30	30	43	53	40	46	43	47	53	45	54	35	34	53	50	69	49	39	56	55	51	41	52	46	43	49	53	36	42	42	54	47	55	46	34	41	36	48	54	29	37	38	55	60	43	52	48	33	45	54	40	49	37	35	43	37	40	34	33	27	.	39	50	16
11	90048899	38	45	38	39	71	30	55	24	38	37	33	32	37	48	32	81	35	21	43	37	37	39	33	39	33	36	80	35	27	37	40	38	56	39	41	33	60	24	30	37	34	43	32	38	32	32	53	34	20	44	27	45	39	35	43	39	66	31	23	46	34	38	42	46	55	45	46	47	29	31	39	39	31	35	53	31	44	38	49	36	43	36	43	27	37	38	35	62	35	25	35	42	35	41	46	36	44	32	25	38	41	44	26	51	38	47	43	39	45	46	73	52	27	46	53	23	50	46	40	47	38	46	38	43	32	38	53	57	22	46	34	41	51	42	45	35	29	38	40	48	43	35	38	44	41	48	53	48	52	51	54	46	46	51	37	60	48	34	40	.	.	.	.	.	.
12	87870089	35	43	46	49	66	39	42	35	44	38	35	42	50	31	36	75	29	35	50	40	40	30	48	39	24	51	72	39	42	39	38	31	44	42	36	29	66	41	38	49	51	53	33	53	39	39	59	27	33	45	36	36	37	31	42	56	63	36	37	41	48	30	49	38	44	48	46	51	40	37	43	35	43	46	51	44	47	42	48	52	44	28	36	38	33	41	27	55	34	34	37	42	31	31	37	45	36	42	36	41	43	40	32	52	26	43	51	47	33	55	62	55	30	40	36	55	51	62	50	34	49	50	46	45	59	55	54	65	80	53	48	44	42	46	60	41	37	56	39	40	42	41	33	40	25	41	46	32	43	46	39	31	31	37	37	45	31	37	35	21	30	4	28	50	25
12	88811689	44	45	42	42	68	49	45	33	49	35	26	37	59	33	38	72	40	38	44	41	32	41	51	46	35	35	67	46	34	44	42	50	42	45	36	40	72	41	38	36	34	33	39	40	46	36	71	36	35	46	43	49	42	37	41	47	65	42	43	51	36	38	48	41	38	45	55	41	44	47	43	40	52	41	66	38	42	40	50	40	44	40	32	32	39	51	36	44	35	30	56	36	30	37	54	48	49	41	38	43	53	44	32	47	55	54	45	42	41	53	57	56	41	57	46	64	71	64	45	53	54	54	53	54	41	37	51	60	10	52	43	54	60	41	46	36	49	39	30	50	50	42	38	39	44	39	39	31	39	32	40	43	46	37	40	56	41	42	27	41	30	3	23	36	32
12	102973217	45	46	58	44	65	42	41	31	39	33	44	43	80	34	35	73	45	53	53	44	31	30	49	54	42	40	93	48	37	48	42	38	45	38	41	45	88	42	44	41	54	41	49	40	57	60	79	38	41	46	48	41	62	60	51	57	72	30	38	48	53	41	32	46	52	45	55	54	38	49	47	40	47	46	54	54	43	45	62	40	40	51	37	47	37	46	38	42	34	38	38	26	30	34	51	38	48	42	40	48	45	41	32	47	58	50	68	73	47	48	56	58	35	48	46	39	47	58	49	53	41	61	39	46	46	47	50	61	31	57	51	46	60	40	40	32	56	45	59	41	48	45	40	38	36	30	41	37	37	46	43	43	46	49	35	38	38	44	40	.	.	.	.	.	.
12	131091966	.	.	.	.	.	.	.	.	.	.	.	.	.	.	.	.	.	.	.	.	.	.	.	.	.	.	.	.	.	.	.	.	.	.	.	.	.	.	.	.	.	.	.	.	.	.	.	.	.	.	.	.	.	.	.	.	.	.	.	.	.	.	.	.	.	.	.	.	.	.	.	.	.	.	.	.	.	.	.	.	.	.	.	.	.	.	.	.	.	.	.	.	.	.	.	.	.	.	.	.	.	.	.	.	.	.	.	.	.	.	.	.	.	.	.	.	.	.	.	.	.	.	.	.	.	.	.	.	.	.	.	.	.	.	.	.	.	.	.	.	.	.	.	.	.	.	.	.	.	.	.	.	.	.	.	.	.	.	.	24	21	3	39	50	17
13	113536132	40	29	32	44	57	39	41	28	28	32	26	26	41	26	36	75	37	28	36	33	26	29	32	33	27	36	65	38	30	28	41	28	38	27	30	39	56	37	35	22	34	48	22	32	38	29	52	38	31	28	35	26	27	46	44	48	58	24	37	29	20	21	27	33	34	28	23	35	32	26	29	23	26	27	32	28	27	26	36	20	34	46	22	30	24	39	27	34	33	34	35	33	41	26	27	38	31	33	29	23	38	33	25	36	48	32	30	38	34	49	43	35	22	37	44	39	27	37	32	46	35	48	47	27	43	33	35	55	66	32	37	26	48	51	31	23	48	35	28	30	20	24	36	51	38	56	32	55	43	40	36	47	47	52	33	49	57	30	35	29	22	2	34	32	11
14	28353131	57	46	29	44	85	46	42	31	43	45	34	36	45	32	37	95	30	40	43	39	47	40	44	35	32	39	86	50	40	58	29	42	38	35	32	35	58	48	38	41	36	52	31	48	58	32	67	36	40	38	45	45	39	46	52	37	59	37	39	54	45	43	31	39	41	42	50	47	28	38	37	45	43	41	35	43	47	40	38	50	34	41	37	32	40	36	40	39	28	33	41	32	35	32	43	40	55	52	33	29	35	36	28	44	49	42	47	56	42	53	59	68	35	45	54	42	58	49	39	61	60	50	39	56	44	38	52	56	34	47	44	63	51	32	38	49	46	43	29	52	55	45	32	35	32	35	43	36	39	32	33	34	33	43	26	29	48	36	34	35	34	4	39	45	31
15	27858408	43	33	42	49	64	40	47	32	36	40	25	43	41	41	40	79	42	43	45	40	34	38	39	41	22	30	70	48	32	43	40	42	49	32	32	29	47	25	32	39	36	33	39	43	38	44	62	37	25	48	47	41	33	38	46	43	47	33	54	44	34	30	28	39	43	47	35	41	33	38	45	30	44	37	41	45	35	31	40	33	30	38	34	32	26	50	38	38	28	30	44	38	33	34	37	40	43	30	32	38	34	38	38	38	39	34	38	52	46	46	60	40	33	58	40	53	44	46	40	65	55	45	43	62	50	44	51	60	61	47	39	42	58	39	23	28	44	53	30	48	34	33	33	40	35	31	22	25	23	25	28	40	21	38	26	27	42	32	40	31	20	.	23	21	34
15	28197037	50	28	29	43	66	35	51	31	31	38	26	56	31	31	34	61	32	39	30	32	41	29	34	40	27	35	67	33	41	28	41	31	33	27	31	39	60	38	30	24	38	39	34	40	28	58	53	32	32	33	40	41	42	34	36	35	57	37	39	47	40	42	27	55	31	46	41	32	33	49	27	30	26	39	31	31	32	34	38	31	25	39	40	38	31	50	28	36	42	27	53	34	29	36	34	27	38	28	35	29	37	31	35	31	38	38	40	39	41	35	57	46	33	35	53	38	60	58	49	36	40	47	30	44	37	40	43	69	75	32	42	36	53	42	45	33	46	40	38	40	31	37	30	59	48	40	54	30	44	45	49	36	38	33	35	41	33	32	46	41	35	.	29	47	21
15	28213850	38	29	48	42	80	30	50	40	37	40	24	50	45	42	48	86	30	27	47	38	36	22	38	33	39	37	76	37	31	38	37	30	28	35	37	49	68	28	48	21	38	39	36	35	51	36	66	39	34	33	31	43	40	38	38	50	46	38	30	34	36	32	38	46	42	47	50	38	28	32	48	30	40	36	39	30	37	35	37	25	28	31	32	33	31	32	38	39	32	40	32	38	35	40	33	30	44	35	44	20	38	33	33	33	45	38	43	33	44	46	71	42	43	46	54	39	50	52	34	46	42	52	26	49	47	37	43	44	67	55	52	46	38	41	35	39	44	40	35	44	36	26	40	29	38	27	47	28	43	34	38	38	35	44	31	30	31	35	28	32	28	.	38	43	20
15	28230247	.	.	.	.	.	.	.	.	.	.	.	.	.	.	.	.	.	.	.	.	.	.	.	.	.	.	.	.	.	.	.	.	.	.	.	.	.	.	.	.	.	.	.	.	.	.	.	.	.	.	.	.	.	.	.	.	.	.	.	.	.	.	.	.	.	.	.	.	.	.	.	.	.	.	.	.	.	.	.	.	.	.	.	.	.	.	.	.	.	.	.	.	.	.	.	.	.	.	.	.	.	.	.	.	.	.	.	.	.	.	.	.	.	.	.	.	.	.	.	.	.	.	.	.	.	.	.	.	.	.	.	.	.	.	.	.	.	.	.	.	.	.	.	.	.	.	.	.	.	.	.	.	.	.	.	.	.	.	.	23	21	2	21	35	20
15	28230318	35	24	32	37	60	24	27	23	38	36	24	31	28	29	37	70	26	23	35	27	28	23	30	35	25	30	78	36	18	39	41	26	29	38	36	30	72	34	26	40	30	35	31	30	30	49	52	26	24	25	26	39	42	32	40	38	56	28	31	55	31	28	34	36	39	34	33	43	28	27	31	34	34	33	49	47	35	31	45	39	31	32	34	33	25	30	42	25	34	36	35	35	27	39	39	41	34	41	39	29	31	37	29	25	40	34	49	56	46	40	53	35	24	37	36	34	40	49	42	50	40	23	38	43	41	26	44	55	69	52	41	46	36	22	35	40	33	32	35	42	26	32	34	65	59	41	41	57	59	47	35	46	48	59	45	57	55	40	36	18	18	1	14	38	16
15	28235773	44	36	33	34	53	47	22	31	33	35	37	37	31	35	38	80	27	34	48	36	27	32	45	28	26	44	82	41	31	28	25	28	37	38	31	44	56	51	45	34	28	46	33	34	45	41	59	34	41	32	39	36	18	51	37	40	47	28	35	38	34	30	30	42	38	40	38	42	22	38	48	31	48	30	34	38	46	22	35	34	32	29	27	34	31	40	32	43	39	28	35	32	39	32	40	37	32	39	25	49	23	39	31	35	44	42	37	45	36	35	39	40	24	39	54	42	40	47	34	50	31	49	33	35	42	45	42	47	58	39	35	42	39	37	42	39	59	57	28	39	39	31	39	67	54	31	49	50	38	47	36	55	43	39	49	52	51	46	32	40	24	3	25	37	8
15	28271711	28	46	37	35	55	35	41	23	33	32	36	38	41	28	45	57	32	33	41	37	28	33	41	25	32	39	77	37	23	23	30	34	26	28	31	43	60	49	29	33	32	43	37	30	41	30	52	34	40	33	26	40	44	34	32	47	65	28	35	32	34	32	25	44	32	29	49	29	42	33	50	40	33	37	42	32	32	34	41	46	36	40	24	40	33	43	23	42	26	29	32	27	25	27	36	34	36	32	30	32	39	33	45	47	45	48	60	38	41	52	67	29	25	47	42	39	41	32	29	52	38	42	30	29	36	37	34	46	76	39	31	43	48	30	41	31	52	47	40	49	36	34	37	52	66	42	47	50	44	44	52	42	54	38	42	48	40	35	40	33	25	4	21	39	13
15	28283441	48	34	36	36	73	37	35	31	37	29	29	38	37	41	40	88	49	30	42	37	32	33	49	46	40	58	73	32	34	45	40	33	45	34	30	35	67	32	35	31	28	41	29	35	38	39	69	36	27	30	36	33	36	30	35	40	66	38	33	35	40	39	40	44	41	33	46	40	37	46	40	38	27	48	41	43	42	41	45	46	33	35	42	35	44	50	35	29	34	39	33	35	22	37	46	36	48	35	46	31	45	31	29	37	40	48	45	44	47	47	43	34	30	51	53	45	51	51	39	49	42	57	31	46	25	45	49	59	43	52	50	25	49	53	37	47	63	39	49	45	36	41	47	51	41	28	49	44	32	42	54	47	45	35	31	38	48	46	54	40	26	4	27	43	18
15	28286407	41	24	42	39	62	32	37	30	29	38	55	32	33	40	41	64	33	27	30	41	34	40	45	37	39	31	65	30	39	38	37	38	43	29	47	23	57	20	27	26	33	42	34	34	34	23	67	29	26	38	25	41	32	28	46	38	54	27	32	36	27	32	18	36	38	39	44	38	28	37	31	38	31	43	33	32	48	43	27	46	21	35	36	30	26	24	36	31	27	37	48	37	30	31	57	35	41	47	28	28	48	35	37	38	51	38	46	41	38	46	60	36	30	48	50	45	36	58	35	41	46	43	27	42	50	42	37	68	35	57	33	45	47	36	50	40	63	39	38	49	45	37	40	48	30	33	44	36	41	37	49	38	29	35	37	38	31	33	36	36	22	4	33	43	28
15	28298057	32	47	18	41	72	41	33	33	30	38	16	39	41	45	32	68	30	27	30	32	37	29	31	31	28	31	85	26	23	48	26	26	30	31	45	32	84	41	25	32	24	33	16	31	43	42	59	34	34	26	29	42	41	29	27	35	50	34	28	42	43	18	34	47	33	43	34	46	25	28	33	35	40	39	46	29	34	39	41	42	26	38	37	37	24	40	26	53	35	25	26	30	24	30	41	25	37	38	44	24	40	33	33	61	37	40	45	36	34	56	57	38	33	32	33	55	41	48	41	38	45	43	48	33	51	40	33	52	66	45	32	41	43	33	38	27	39	43	40	51	29	45	38	43	55	42	43	50	38	41	37	46	34	45	42	30	35	33	34	29	26	3	26	46	11
15	28320661	38	42	43	57	64	48	45	29	38	46	48	38	45	48	32	79	37	35	40	37	24	29	46	31	40	39	100	45	41	39	57	34	31	42	37	30	68	43	35	40	40	37	44	41	41	48	68	39	38	37	42	37	49	34	38	46	75	36	48	47	48	43	40	54	41	43	37	52	43	30	46	46	41	41	41	38	39	34	48	36	52	36	43	42	35	41	41	45	42	28	50	42	32	47	57	37	41	46	29	28	30	35	31	48	48	49	47	54	55	47	53	48	38	44	49	46	47	51	54	53	46	62	44	49	36	33	58	66	86	45	48	47	43	41	40	34	55	30	49	55	38	40	46	48	43	36	45	26	46	30	62	32	44	31	40	44	48	44	34	38	42	2	42	46	31
15	28320964	56	47	37	39	64	35	42	36	41	44	37	54	41	34	38	82	35	40	36	52	29	29	51	41	34	43	103	43	27	44	42	29	44	44	46	51	70	47	36	39	42	50	29	47	43	42	64	52	34	48	42	46	44	50	36	58	55	43	29	40	49	31	36	45	42	49	47	49	39	42	47	53	40	44	45	40	45	41	44	34	50	44	35	51	39	48	28	49	32	32	39	43	40	26	54	34	37	31	41	32	46	29	40	47	57	47	56	56	49	50	53	52	43	50	60	55	51	39	42	48	52	54	44	59	48	52	44	68	86	64	54	54	62	47	40	46	45	58	37	52	47	36	48	48	59	36	53	44	36	37	53	37	47	38	33	54	42	44	39	35	21	3	29	58	31
15	28324808	43	35	29	64	52	19	35	26	30	47	30	45	37	40	37	63	37	29	30	29	21	35	30	28	32	31	84	40	35	41	38	32	43	28	24	32	64	48	50	27	24	39	26	34	33	26	58	32	31	39	32	39	40	40	36	35	50	36	36	31	41	39	33	32	36	48	28	36	30	27	33	39	37	22	27	34	31	27	34	34	35	34	40	25	28	33	30	46	25	28	34	35	32	41	36	31	42	48	27	37	37	33	29	25	44	36	51	38	35	44	49	41	33	48	45	39	44	47	37	34	40	40	37	25	36	37	42	53	89	41	35	40	46	30	30	22	37	49	30	35	28	31	27	71	73	50	46	38	65	68	51	56	51	50	46	58	64	42	40	15	19	.	20	33	4
15	28327835	42	29	44	30	64	43	39	32	46	49	24	43	35	40	32	95	45	31	55	42	32	28	44	42	30	49	76	34	32	29	30	42	41	32	39	34	66	45	38	32	34	39	29	33	40	35	55	31	25	33	42	45	56	33	44	54	69	29	43	38	51	36	36	32	64	48	38	49	29	31	46	30	39	43	40	41	38	35	51	47	49	37	28	32	29	33	25	35	42	34	35	34	40	33	33	40	34	48	30	32	42	24	35	49	45	36	42	29	32	54	67	40	34	38	52	46	42	52	38	45	49	37	38	44	59	38	54	59	59	54	32	52	37	34	50	33	33	38	38	56	37	38	45	25	30	27	38	25	22	34	33	34	24	46	29	38	31	24	32	23	24	2	36	50	22
15	28327906	45	35	42	38	67	32	27	30	29	41	34	39	32	46	37	79	47	26	38	41	29	30	32	38	24	35	83	34	35	29	32	32	37	41	29	35	56	38	37	27	37	47	22	38	36	40	69	31	26	36	41	39	41	21	39	39	56	28	40	34	46	39	43	35	47	45	35	45	30	37	41	36	41	41	41	43	38	34	43	30	31	34	30	45	29	43	34	42	43	24	28	37	32	36	32	38	36	36	30	32	38	29	33	43	52	32	38	41	23	43	45	46	35	47	51	40	58	39	46	61	39	44	40	44	52	37	47	60	77	45	30	38	49	36	42	26	45	43	40	48	35	38	40	25	31	17	32	25	26	30	27	27	32	39	33	38	42	30	38	19	25	3	26	48	24
15	28328765	44	43	43	48	68	54	43	36	37	43	31	33	55	45	37	78	33	35	47	39	36	34	34	46	40	30	94	46	45	38	38	35	30	35	33	38	65	38	33	35	50	39	35	38	45	40	68	35	43	40	38	48	47	45	38	40	58	27	38	43	41	36	44	36	40	41	46	46	42	36	43	50	42	51	46	38	45	31	39	45	52	34	37	38	34	31	32	36	44	43	28	36	33	37	42	49	41	48	38	37	35	31	42	44	53	42	61	38	43	51	65	42	35	47	48	40	60	41	61	55	40	55	44	50	43	31	51	53	75	64	46	48	63	29	45	33	57	55	45	51	43	35	54	52	47	42	52	38	38	33	54	24	35	41	40	39	52	38	38	58	27	2	42	43	32
15	28335820	30	30	42	44	52	21	44	49	30	38	29	49	36	35	47	86	40	31	28	46	34	40	45	44	47	42	76	40	37	39	38	38	38	34	38	35	48	39	40	30	38	38	30	34	50	47	50	44	34	37	46	46	45	35	43	57	57	35	38	44	41	35	42	44	39	36	48	37	47	39	27	38	32	43	45	38	36	40	40	37	43	38	47	39	39	43	33	45	23	34	42	40	31	35	38	43	41	40	32	39	31	37	34	42	60	44	69	54	56	49	70	46	43	36	42	50	46	62	34	54	45	38	47	31	52	40	56	56	50	57	49	48	40	51	43	32	53	46	35	47	58	33	37	31	36	34	43	34	19	37	45	40	27	48	28	43	43	37	39	36	25	4	33	67	44
15	28338713	43	36	21	39	54	41	31	25	40	34	23	40	43	36	34	80	31	38	43	36	32	31	38	43	38	42	65	44	28	35	28	24	41	32	32	46	55	44	34	42	32	37	26	38	32	45	58	35	40	37	30	34	41	35	37	36	48	38	30	37	34	32	32	38	38	34	23	43	30	30	44	30	38	39	37	33	38	42	31	34	30	34	31	22	20	44	28	43	28	29	37	40	28	34	32	31	26	30	30	29	43	37	31	30	36	51	46	38	28	50	40	55	29	31	44	48	50	42	42	35	45	44	33	44	41	37	40	41	67	46	44	34	51	36	49	36	42	38	32	62	31	33	42	35	32	30	37	28	44	22	33	34	37	30	32	37	34	28	38	52	26	3	44	62	18
15	28345931	33	36	40	30	52	32	30	25	31	34	27	26	39	26	31	66	23	33	40	37	26	33	31	32	23	44	74	34	35	28	28	28	36	33	28	30	61	42	27	36	37	39	30	38	36	35	62	27	34	34	30	24	31	30	32	38	57	22	32	42	34	24	28	52	38	40	32	27	30	35	32	30	34	30	25	32	33	30	42	34	37	29	22	38	24	29	28	37	30	33	41	34	32	26	35	32	47	35	32	41	31	41	24	38	52	36	34	42	39	43	39	48	22	43	38	45	43	40	44	45	47	34	36	41	42	44	42	49	68	36	34	36	39	39	36	26	43	39	27	40	41	35	37	58	62	46	42	54	58	51	60	46	48	44	48	63	54	38	41	14	27	1	30	36	14
15	28364059	36	29	43	28	68	32	36	19	26	35	28	44	38	33	33	57	32	31	36	31	20	29	36	37	29	38	84	39	25	47	32	34	35	37	38	38	53	39	33	36	33	47	35	31	44	32	61	26	34	32	37	37	47	46	38	38	45	25	42	36	41	32	45	40	34	33	33	42	40	32	27	35	27	27	25	36	35	43	38	30	33	35	34	38	39	39	32	44	33	22	29	19	27	26	33	32	44	46	34	38	29	32	38	36	57	38	41	35	49	49	54	50	32	38	50	42	35	48	36	35	45	36	33	38	43	25	42	43	80	45	34	40	52	38	34	30	44	51	35	32	29	36	46	44	37	36	40	39	53	38	51	36	38	47	32	39	43	41	34	20	24	3	24	33	13
15	28365618	38	43	46	33	71	38	46	38	42	33	42	39	33	33	40	78	34	34	51	51	43	40	44	48	43	41	74	29	38	52	28	30	45	36	35	44	76	37	32	50	34	46	34	42	35	46	70	48	33	38	36	44	36	40	30	51	64	37	25	50	31	43	51	31	43	52	50	46	36	37	39	40	25	35	51	23	38	35	41	39	43	40	46	31	39	34	37	29	31	28	29	44	26	37	34	37	46	36	36	39	35	40	30	36	44	40	38	49	41	49	51	45	27	42	46	46	38	50	35	54	56	47	35	48	41	28	68	50	77	63	44	44	50	21	40	26	50	40	45	49	43	45	40	50	40	53	53	35	33	44	51	41	45	44	38	45	47	44	34	30	30	4	35	62	24
15	28380518	45	47	40	41	75	38	42	28	57	39	33	39	37	33	43	84	43	35	49	41	38	36	44	40	38	53	74	45	35	47	47	40	34	43	43	45	91	37	41	37	42	57	33	47	46	44	64	30	31	42	41	51	36	33	42	34	72	43	44	45	39	52	32	43	47	37	38	46	43	45	53	43	31	51	48	43	42	38	51	32	39	38	45	31	45	39	30	47	45	40	35	39	31	36	45	46	35	42	32	38	33	38	30	47	48	49	72	63	52	63	73	53	39	56	51	51	56	39	48	54	46	47	39	54	42	36	38	57	54	61	54	38	49	36	44	44	48	47	53	43	51	43	33	56	45	39	66	40	33	47	61	37	54	51	37	54	36	39	27	39	36	5	45	65	36
15	28420352	.	.	.	.	.	.	.	.	.	.	.	.	.	.	.	.	.	.	.	.	.	.	.	.	.	.	.	.	.	.	.	.	.	.	.	.	.	.	.	.	.	.	.	.	.	.	.	.	.	.	.	.	.	.	.	.	.	.	.	.	.	.	.	.	.	.	.	.	.	.	.	.	.	.	.	.	.	.	.	.	.	.	.	.	.	.	.	.	.	.	.	.	.	.	.	.	.	.	.	.	.	.	.	.	.	.	.	.	.	.	.	.	.	.	.	.	.	.	.	.	.	.	.	.	.	.	.	.	.	.	.	.	.	.	.	.	.	.	.	.	.	.	.	.	.	.	.	.	.	.	.	.	.	.	.	.	.	.	.	29	26	.	35	40	20
15	28486734	42	43	37	39	57	34	40	34	49	39	31	39	34	37	35	68	34	46	40	28	19	33	42	46	39	49	79	40	30	46	37	43	38	30	32	32	74	44	32	27	39	31	43	27	39	41	78	29	38	37	42	38	36	45	34	38	59	36	38	38	45	34	40	50	47	45	31	39	37	33	40	35	34	37	40	32	41	30	37	28	29	36	28	20	33	32	31	51	41	41	37	33	31	37	44	31	43	37	45	35	25	33	28	41	49	40	52	49	54	46	54	48	39	45	49	36	40	41	58	55	33	41	43	48	31	42	45	63	41	48	43	53	43	46	52	35	37	40	26	38	49	39	31	47	32	34	34	34	45	40	37	30	40	38	33	53	45	37	27	.	.	.	.	.	.
15	28513304	49	32	47	46	71	23	40	25	33	38	31	44	42	44	41	80	28	37	42	40	49	40	47	48	25	34	72	49	26	38	31	29	35	28	46	40	68	33	35	32	41	37	33	31	50	48	52	33	41	40	32	33	34	46	41	39	68	28	36	54	43	39	28	48	45	46	42	48	30	37	39	40	39	37	47	22	37	31	51	38	41	37	27	38	33	52	32	41	34	28	45	30	33	35	33	31	37	30	43	37	38	30	32	45	39	35	43	38	50	54	51	59	37	37	46	51	36	50	29	54	48	40	51	39	49	39	47	54	74	39	45	50	45	42	47	38	69	42	35	47	37	45	43	49	56	47	50	33	47	44	59	52	30	52	41	54	60	50	50	17	28	3	26	53	24
15	28534777	.	.	.	.	.	.	.	.	.	.	.	.	.	.	.	.	.	.	.	.	.	.	.	.	.	.	.	.	.	.	.	.	.	.	.	.	.	.	.	.	.	.	.	.	.	.	.	.	.	.	.	.	.	.	.	.	.	.	.	.	.	.	.	.	.	.	.	.	.	.	.	.	.	.	.	.	.	.	.	.	.	.	.	.	.	.	.	.	.	.	.	.	.	.	.	.	.	.	.	.	.	.	.	.	.	.	.	.	.	.	.	.	.	.	.	.	.	.	.	.	.	.	.	.	.	.	.	.	.	.	.	.	.	.	.	.	.	.	.	.	.	.	.	.	.	.	.	.	.	.	.	.	.	.	.	.	.	.	.	26	32	3	33	43	23
15	29118784	.	.	.	.	.	.	.	.	.	.	.	.	.	.	.	.	.	.	.	.	.	.	.	.	.	.	.	.	.	.	.	.	.	.	.	.	.	.	.	.	.	.	.	.	.	.	.	.	.	.	.	.	.	.	.	.	.	.	.	.	.	.	.	.	.	.	.	.	.	.	.	.	.	.	.	.	.	.	.	.	.	.	.	.	.	.	.	.	.	.	.	.	.	.	.	.	.	.	.	.	.	.	.	.	.	.	.	.	.	.	.	.	.	.	.	.	.	.	.	.	.	.	.	.	.	.	.	.	.	.	.	.	.	.	.	.	.	.	.	.	.	.	.	.	.	.	.	.	.	.	.	.	.	.	.	.	.	.	.	32	21	1	37	42	14
15	29261716	45	28	44	38	73	34	39	32	32	36	31	44	33	34	40	75	43	37	40	28	21	37	40	44	28	37	72	47	25	31	30	25	46	39	35	34	56	38	43	31	38	43	32	36	36	32	62	43	35	28	40	26	37	33	35	45	57	43	36	39	37	34	33	22	34	42	41	53	29	33	42	25	39	42	37	37	32	35	38	30	32	30	45	38	42	38	39	32	36	42	28	31	37	36	37	42	44	36	29	31	40	36	35	41	33	44	34	49	48	39	49	41	36	36	46	38	47	41	51	61	37	40	34	35	35	31	47	41	72	51	35	34	40	32	42	34	50	38	41	49	36	26	29	52	49	38	30	29	24	30	40	41	35	34	22	38	39	39	27	34	33	3	35	67	31
15	29425936	44	29	35	30	67	24	33	22	31	32	25	33	35	36	41	72	24	13	31	33	24	30	44	31	32	41	75	32	22	32	33	30	36	32	29	31	58	34	31	32	32	41	24	28	45	35	60	38	21	34	19	38	39	40	36	41	61	30	28	41	19	26	33	31	38	38	35	41	35	26	32	36	42	35	39	35	38	30	43	34	30	32	33	32	23	55	29	24	41	27	26	33	28	30	34	29	49	41	26	26	24	29	32	27	54	30	35	40	29	46	37	38	22	36	40	39	30	39	28	42	33	37	40	29	31	26	38	43	74	32	38	35	34	38	20	26	26	28	46	38	47	31	32	44	64	38	45	40	36	35	49	42	34	56	37	53	49	50	26	26	21	.	20	36	11
15	32980101	45	28	50	40	71	51	41	27	42	61	42	36	45	42	39	73	45	40	48	65	33	36	40	53	49	43	81	47	44	44	42	60	51	49	46	41	76	44	40	44	39	51	39	43	45	49	65	40	45	39	40	47	48	52	41	46	62	33	42	51	46	46	35	46	42	42	48	54	40	40	40	37	45	31	51	48	47	40	61	48	41	45	47	39	37	49	24	51	31	39	33	35	41	42	50	49	36	47	32	33	47	41	45	45	43	45	54	49	47	51	71	72	35	80	42	53	60	40	42	64	54	51	39	51	58	36	48	63	65	35	51	46	57	52	43	33	57	51	44	51	48	37	42	51	41	47	42	33	46	34	57	42	44	52	31	44	56	58	44	14	28	3	48	61	24
15	36344790	49	40	49	48	62	29	40	23	44	37	36	44	35	42	33	77	30	38	48	53	42	39	48	35	35	36	89	42	39	42	53	44	38	39	38	41	79	45	32	46	37	41	35	35	32	45	81	38	42	43	40	45	36	41	33	58	63	32	46	50	31	40	45	70	52	41	45	44	40	37	61	41	39	46	41	36	41	30	48	36	44	37	43	48	27	33	38	55	38	37	50	43	38	30	37	22	45	44	26	51	39	25	38	38	50	48	52	46	60	57	69	59	43	57	50	45	56	45	42	50	52	59	41	52	52	42	41	60	26	50	51	56	57	41	46	44	54	40	39	56	47	38	37	40	39	48	50	23	48	33	53	38	35	38	34	34	47	50	47	32	33	2	39	57	39
15	47995105	36	43	35	36	48	35	44	32	40	41	37	35	48	48	27	72	38	28	36	27	37	37	47	35	38	46	74	36	32	41	35	36	42	37	25	32	69	36	47	26	37	37	33	36	40	44	75	38	45	35	39	23	36	29	45	37	64	26	34	37	27	37	37	41	36	42	49	40	35	35	54	48	36	40	39	37	49	41	53	31	44	33	38	37	31	38	34	40	33	37	47	39	28	38	37	32	38	39	37	38	43	34	34	37	42	50	54	34	42	60	64	42	37	47	56	44	44	57	38	46	38	43	39	49	42	32	44	60	22	55	36	39	64	37	39	33	42	43	29	34	37	35	34	26	27	29	47	27	34	37	44	36	26	37	37	37	37	40	44	34	21	1	41	37	23
15	48304110	41	38	26	44	68	40	54	30	38	39	40	44	34	28	34	86	32	39	49	50	31	41	60	48	37	54	89	47	30	37	43	35	52	41	47	32	77	42	32	41	41	50	39	33	42	30	65	27	32	49	32	46	25	43	31	38	67	33	39	48	51	43	36	43	36	27	30	44	33	38	39	30	38	43	47	45	52	48	46	49	40	37	35	41	37	48	41	51	35	30	46	35	24	38	42	41	46	42	31	36	45	36	43	48	55	44	57	51	43	55	76	45	28	45	63	44	36	60	34	46	36	51	38	56	45	33	46	62	16	40	43	48	62	42	37	41	47	52	34	45	42	46	27	46	38	39	59	53	35	44	57	39	41	44	28	52	45	33	36	32	27	6	55	71	31
15	48400199	37	36	43	51	64	40	36	45	29	25	42	45	38	32	40	71	29	24	48	42	31	22	46	44	30	45	56	44	32	40	28	47	39	29	35	28	57	40	33	32	39	47	23	35	49	40	51	31	26	24	33	29	44	40	45	37	40	35	39	28	30	28	42	35	37	30	55	49	30	46	37	38	49	36	37	29	30	22	43	42	25	31	34	21	31	41	31	43	29	26	41	33	27	29	39	31	41	46	26	25	41	35	40	33	39	24	51	34	48	49	44	42	32	29	37	32	33	49	35	41	38	35	44	30	36	46	39	47	35	51	44	52	60	39	39	32	58	48	54	42	40	39	25	44	38	50	37	27	39	42	39	39	41	34	44	42	50	36	40	14	28	1	20	37	6
15	48426484	53	37	50	48	77	44	35	39	44	31	33	40	45	54	35	73	38	36	39	43	34	44	35	43	36	45	80	37	39	42	40	34	35	40	52	27	66	31	52	31	30	50	35	34	53	46	66	50	29	31	35	45	37	29	37	49	61	39	35	38	38	42	33	36	38	47	36	59	49	44	38	39	45	42	46	34	31	42	57	39	39	41	33	38	33	43	33	39	21	40	36	29	39	47	36	46	42	51	34	40	40	42	26	26	50	37	51	49	51	57	60	65	36	43	54	54	49	50	46	51	47	47	41	54	56	48	48	58	19	61	36	39	68	38	41	30	50	51	48	49	52	43	32	49	48	38	35	36	51	38	35	44	39	40	36	42	53	34	33	36	20	.	21	45	19
15	48433494	33	39	36	43	77	35	37	32	37	45	27	43	33	34	37	76	28	39	43	29	32	30	43	39	29	27	63	40	29	36	38	40	50	29	40	51	52	45	34	31	40	45	36	34	52	46	67	29	39	43	26	44	38	41	42	39	78	33	27	46	35	32	39	28	30	58	43	30	38	31	42	34	48	38	44	39	33	41	40	36	35	38	31	41	35	36	29	43	32	33	33	23	36	30	56	30	41	61	40	25	26	26	29	28	38	38	54	50	48	39	50	44	23	42	47	43	47	47	30	48	42	44	34	31	46	40	54	54	61	52	41	33	50	32	39	36	42	37	39	39	49	28	30	33	34	30	39	26	38	32	40	27	36	20	24	43	25	32	26	.	.	.	.	.	.
15	48539026	40	25	42	46	63	36	40	26	35	43	31	35	38	38	45	53	34	35	35	43	37	47	48	33	29	34	76	34	35	34	41	42	41	40	27	51	64	48	38	30	29	34	32	44	37	28	72	36	38	33	36	44	44	41	34	37	51	29	37	46	45	37	34	52	42	46	50	36	36	44	39	44	33	34	45	48	38	36	38	30	41	35	41	43	30	44	33	36	37	37	38	34	37	44	47	37	50	48	36	41	35	42	36	44	38	39	54	51	40	43	64	36	40	39	53	39	51	48	38	49	47	43	42	38	33	38	47	53	42	40	38	53	52	33	35	25	44	48	28	43	39	35	35	45	56	44	46	35	45	36	47	43	42	44	36	49	56	39	32	.	.	.	.	.	.
15	48661442	33	32	49	57	61	32	48	27	29	35	29	35	45	28	35	72	33	23	39	38	26	25	40	35	43	34	83	40	29	26	31	33	37	37	31	31	66	36	31	31	43	39	31	42	25	41	61	34	46	26	41	39	48	38	33	42	60	27	38	38	30	22	39	44	31	47	47	38	20	33	41	43	36	34	34	44	31	36	26	34	29	37	36	39	34	36	36	44	29	30	36	24	30	42	31	36	28	31	35	41	44	34	21	37	48	41	40	41	51	43	51	44	37	32	49	46	41	50	36	46	35	36	36	32	50	48	48	43	26	51	42	54	52	33	35	21	56	44	38	47	33	32	35	43	41	50	42	42	36	30	32	36	40	37	32	44	53	53	44	18	17	2	30	33	14
15	48764942	54	48	42	51	84	33	53	32	31	46	28	26	50	43	50	99	48	29	41	42	34	32	37	38	45	38	90	42	29	40	32	32	43	49	45	43	55	46	30	35	43	50	33	48	39	39	56	48	28	47	38	49	45	41	33	46	68	36	45	51	44	35	33	46	41	44	40	47	26	37	37	37	54	52	44	45	29	34	44	47	53	39	36	34	38	40	32	57	20	50	28	46	47	33	49	46	51	48	31	42	31	33	23	52	51	48	49	43	44	40	51	58	45	49	56	55	52	39	40	51	49	52	54	48	52	42	55	54	29	52	56	51	58	38	41	38	53	48	36	43	49	37	37	43	46	43	52	43	52	51	43	49	42	42	42	58	54	50	33	40	27	1	37	42	25
16	89535888	41	28	34	43	59	14	40	27	34	48	27	37	30	33	23	73	43	30	37	36	32	36	44	51	33	42	80	30	33	32	42	32	47	44	26	41	69	37	30	37	49	29	30	32	49	39	63	34	44	32	31	35	38	40	38	50	55	52	30	34	26	23	41	45	39	49	37	39	32	38	34	37	38	55	39	27	36	34	26	29	35	33	40	40	34	42	25	41	29	28	28	27	37	36	36	37	37	37	33	43	34	26	32	38	58	52	42	32	36	46	38	47	34	44	48	49	32	30	39	39	40	33	29	40	55	32	35	65	53	39	35	39	40	36	37	35	47	42	37	37	37	39	45	38	33	47	45	45	33	28	32	51	27	50	45	52	39	38	42	.	.	.	.	.	.
16	89708037	42	38	46	48	84	32	52	33	21	42	32	37	40	31	39	90	50	22	43	44	22	35	40	38	38	43	88	57	26	39	37	31	57	37	26	26	73	41	41	39	38	47	42	33	38	26	66	39	48	39	29	43	35	33	36	45	66	36	35	52	31	44	28	31	49	54	33	36	36	25	40	33	36	35	56	39	35	32	38	44	34	39	33	36	29	32	36	45	36	32	38	39	35	36	41	46	43	37	33	36	38	35	38	38	55	48	48	42	41	42	73	55	41	54	39	42	48	40	48	57	41	38	34	46	54	54	43	59	78	67	38	41	56	38	43	42	49	36	38	43	44	40	49	37	48	38	34	29	36	44	33	39	35	44	48	34	30	35	30	.	.	.	.	.	.
16	89787340	30	29	23	41	54	33	28	14	20	20	30	36	35	40	36	60	31	17	27	14	21	24	28	27	35	36	64	40	25	25	43	32	34	26	28	52	52	49	33	34	38	29	29	36	36	33	34	30	39	31	23	27	33	40	27	25	56	32	32	27	33	20	23	35	34	43	13	42	33	29	27	21	35	20	41	25	28	37	42	22	29	25	24	27	18	27	30	37	25	37	36	20	29	31	43	44	34	39	30	29	42	23	18	33	40	35	30	29	35	42	40	31	39	31	39	36	45	23	29	33	29	28	33	37	43	33	33	30	70	34	41	32	28	9	29	25	20	36	19	40	27	13	27	.	1	1	.	1	.	3	3	4	1	3	.	4	1	.	.	11	4	2	7	13	10
16	89801952	42	33	33	46	56	28	32	23	35	31	37	38	38	32	37	83	32	34	34	29	35	27	35	35	31	29	84	41	32	36	26	30	37	39	30	33	65	40	30	38	33	29	20	31	43	45	66	28	30	23	22	40	43	32	35	31	66	35	38	34	33	27	29	31	33	43	40	26	36	27	45	41	37	28	39	42	43	32	28	32	32	35	20	28	35	41	24	39	29	29	31	35	26	35	29	27	37	36	26	29	25	17	23	37	45	42	47	30	35	36	50	36	30	33	27	42	43	42	44	41	37	45	47	30	33	33	41	36	46	54	44	27	30	21	26	26	36	36	46	30	29	39	36	35	40	26	31	24	23	25	31	25	30	34	27	41	36	36	36	20	24	.	22	54	16
16	89897896	38	27	36	34	58	24	37	18	22	29	13	25	31	30	36	67	39	24	40	29	27	23	34	38	35	37	67	41	28	32	31	16	36	33	32	28	54	35	36	28	31	33	27	27	32	35	67	44	25	27	45	31	29	28	30	40	21	36	33	27	28	26	33	30	44	37	27	32	38	32	40	30	32	28	36	35	19	26	37	36	31	26	27	38	31	31	37	31	26	35	18	30	30	38	31	36	33	38	20	28	21	35	18	37	39	29	35	33	27	36	44	38	26	34	47	40	44	32	35	37	33	35	37	30	38	27	30	46	47	39	38	40	34	23	31	22	36	32	32	31	34	37	48	33	41	30	35	34	31	38	31	37	36	39	39	41	34	26	24	.	.	.	.	.	.
16	89950230	50	36	39	35	64	34	22	40	22	36	23	42	39	30	33	58	31	30	32	41	32	32	43	40	38	46	70	36	31	39	31	33	42	26	36	29	63	40	30	26	32	37	22	21	30	48	56	34	21	34	46	40	27	32	36	32	55	36	23	37	37	24	19	30	37	41	35	33	28	33	34	25	29	31	44	34	24	25	32	29	32	27	24	36	17	35	26	42	20	31	37	45	21	29	44	36	26	33	23	33	33	34	31	24	55	42	36	33	39	39	55	36	34	36	53	37	51	43	28	54	34	38	42	26	43	30	34	44	73	44	39	30	35	31	25	31	39	39	31	37	47	36	34	53	54	37	39	35	32	46	35	45	35	34	48	49	32	49	30	.	.	.	.	.	.
16	89985844	54	35	54	42	70	31	33	23	28	35	29	32	33	34	35	74	40	32	53	28	25	33	35	28	33	45	70	44	29	36	37	32	44	37	41	38	57	34	38	36	32	40	21	33	26	45	57	38	39	19	24	35	25	50	37	30	54	17	44	44	28	22	27	37	35	61	29	43	23	30	38	40	35	35	50	34	32	39	46	24	35	31	32	38	29	25	30	33	25	37	37	47	32	25	36	34	34	48	16	27	29	28	26	39	59	38	35	44	32	40	54	39	37	41	38	41	48	42	30	34	37	40	39	43	43	31	39	42	74	50	42	28	43	22	38	26	35	44	24	44	35	35	37	67	71	47	40	56	60	44	47	40	51	39	47	67	68	38	39	12	11	.	18	29	5
16	89985918	.	.	.	.	.	.	.	.	.	.	.	.	.	.	.	.	.	.	.	.	.	.	.	.	.	.	.	.	.	.	.	.	.	.	.	.	.	.	.	.	.	.	.	.	.	.	.	.	.	.	.	.	.	.	.	.	.	.	.	.	.	.	.	.	.	.	.	.	.	.	.	.	.	.	.	.	.	.	.	.	.	.	.	.	.	.	.	.	.	.	.	.	.	.	.	.	.	.	.	.	.	.	.	.	.	.	.	.	.	.	.	.	.	.	.	.	.	.	.	.	.	.	.	.	.	.	.	.	.	.	.	.	.	.	.	.	.	.	.	.	.	.	.	.	.	.	.	.	.	.	.	.	.	.	.	.	.	.	.	28	9	.	17	38	12
16	89986091	.	.	.	.	.	.	.	.	.	.	.	.	.	.	.	.	.	.	.	.	.	.	.	.	.	.	.	.	.	.	.	.	.	.	.	.	.	.	.	.	.	.	.	.	.	.	.	.	.	.	.	.	.	.	.	.	.	.	.	.	.	.	.	.	.	.	.	.	.	.	.	.	.	.	.	.	.	.	.	.	.	.	.	.	.	.	.	.	.	.	.	.	.	.	.	.	.	.	.	.	.	.	.	.	.	.	.	.	.	.	.	.	.	.	.	.	.	.	.	.	.	.	.	.	.	.	.	.	.	.	.	.	.	.	.	.	.	.	.	.	.	.	.	.	.	.	.	.	.	.	.	.	.	.	.	.	.	.	.	24	26	1	18	44	14
16	89986117	28	28	37	33	62	26	26	26	31	33	27	32	32	29	25	71	39	32	44	33	24	31	33	33	28	25	74	29	25	30	26	30	43	26	20	31	75	46	32	33	35	40	27	36	45	29	64	25	34	24	33	35	46	35	30	42	46	34	29	33	29	33	32	45	39	40	31	41	27	30	41	35	41	26	33	36	25	36	31	34	34	31	23	28	26	34	33	21	26	36	31	37	36	32	35	33	36	40	26	26	33	32	32	35	37	28	32	33	38	38	56	54	22	34	47	44	35	37	32	24	32	41	43	36	39	23	41	37	73	37	34	42	22	18	34	27	53	29	19	26	48	26	34	51	63	37	50	52	54	50	59	44	49	43	47	78	54	32	34	23	19	2	23	41	11
16	89986144	28	31	36	29	65	32	29	21	27	31	34	26	33	34	24	66	34	30	35	33	35	33	36	37	28	33	73	38	21	30	28	21	50	30	20	31	70	44	28	35	28	37	31	39	39	24	60	27	32	31	28	40	44	34	31	47	54	38	30	34	28	34	31	43	37	40	32	37	24	29	33	34	40	29	39	38	22	43	33	34	29	33	27	25	24	30	25	33	27	34	31	39	35	33	33	35	35	40	26	28	29	30	28	38	37	32	38	29	36	39	54	48	30	32	44	41	43	33	45	28	40	36	50	32	44	25	45	42	67	41	38	44	24	23	46	24	52	37	18	25	49	18	39	57	58	45	48	46	47	55	60	38	52	44	44	66	49	34	32	29	27	1	22	42	7
16	89986154	31	31	38	37	62	28	31	25	27	29	31	27	35	29	34	66	33	27	35	32	33	29	37	37	24	35	68	40	20	26	32	20	54	34	21	31	77	43	28	30	32	37	29	38	40	27	53	25	34	32	28	38	44	33	30	47	45	38	34	36	28	29	29	44	33	36	29	41	25	30	37	34	40	31	41	37	24	42	32	36	27	37	31	28	30	31	26	36	31	34	30	39	40	35	35	32	41	39	28	25	27	32	26	33	37	34	37	29	36	43	52	48	34	31	42	47	42	31	47	33	41	39	49	34	46	30	47	48	74	45	40	43	27	26	48	25	58	46	18	29	47	20	39	65	73	52	43	55	50	61	66	41	56	46	42	76	55	31	39	34	26	2	20	45	6
16	89986546	34	32	29	44	54	28	32	35	25	33	29	34	36	25	37	57	42	33	38	38	25	35	48	34	31	31	80	42	29	33	40	31	46	35	40	29	61	33	39	34	28	30	28	32	33	28	56	29	17	29	41	32	36	29	30	36	54	30	29	33	36	24	33	32	40	34	27	38	24	32	31	30	30	40	50	21	29	27	23	29	32	31	32	32	31	35	24	33	38	32	19	23	30	41	31	46	36	31	20	25	36	33	27	33	44	48	41	41	41	36	40	46	27	37	46	36	37	32	44	34	33	52	46	27	27	33	36	42	60	44	37	42	28	21	34	35	39	46	34	30	34	28	33	47	51	29	28	39	30	46	52	32	38	52	54	45	42	38	31	23	24	2	25	44	12
16	90024202	43	23	25	46	52	32	35	23	26	29	31	40	36	26	40	86	40	21	34	43	28	29	44	38	34	29	83	33	26	32	38	20	40	34	28	29	66	30	38	33	28	28	32	32	45	35	57	38	30	29	34	34	35	40	47	46	39	37	33	29	31	36	29	39	41	34	28	32	29	36	34	31	43	34	30	29	32	28	40	32	29	34	44	28	37	30	39	34	35	28	30	37	23	18	29	28	35	31	31	24	28	32	32	47	44	39	38	38	47	50	36	44	28	35	37	42	28	29	29	48	27	40	38	38	39	40	31	51	78	42	29	27	50	21	41	37	37	25	29	34	43	30	33	62	43	36	45	34	45	53	45	37	37	35	41	51	53	40	38	29	24	4	19	28	7
16	90032455	43	32	34	38	60	26	43	31	30	33	35	34	29	35	39	72	34	33	40	27	23	31	39	32	35	43	69	38	28	30	49	31	41	25	26	40	63	40	39	27	36	25	29	34	49	31	49	35	31	30	38	33	39	44	32	46	38	38	41	38	33	27	35	39	37	53	38	25	38	32	39	30	34	41	38	38	38	30	40	27	40	40	31	27	30	34	34	35	24	37	31	43	36	36	34	41	29	36	29	18	34	31	18	44	41	39	45	36	45	36	52	44	25	42	48	46	58	45	42	41	39	45	34	30	35	26	33	36	71	53	49	40	37	12	33	23	44	42	15	45	43	23	33	42	51	41	33	44	42	42	30	40	31	39	32	48	34	39	33	30	17	1	17	30	12
18	58892069	45	33	37	41	58	40	44	27	42	34	34	34	39	43	45	70	40	37	44	50	43	25	36	40	32	37	79	37	29	42	38	35	46	25	40	31	71	41	37	31	43	37	43	32	37	34	49	45	31	36	38	31	42	50	41	34	55	42	34	54	38	27	39	35	46	29	47	33	33	41	36	30	37	37	36	36	40	40	57	33	43	42	36	42	29	42	27	45	46	36	37	31	32	35	39	40	45	38	26	29	35	31	35	44	46	37	43	34	36	41	61	58	34	46	34	42	51	42	44	37	44	39	41	48	43	52	46	59	12	45	31	34	38	40	43	43	44	50	37	55	39	33	34	43	36	41	39	30	40	34	50	36	40	34	28	38	39	41	42	27	31	2	33	22	24
18	73087470	27	40	37	33	63	30	35	26	23	33	30	23	46	27	45	65	38	37	44	38	35	37	32	36	31	39	79	30	32	40	31	35	45	32	31	29	71	35	35	25	35	30	22	31	32	34	63	25	35	30	38	33	30	46	26	41	51	27	36	46	38	31	37	31	45	46	37	34	37	35	47	35	36	38	44	34	45	40	42	37	34	32	25	32	29	42	27	38	26	33	33	38	31	32	48	35	36	33	30	34	34	27	27	40	45	34	51	52	36	46	63	46	39	43	53	40	58	53	28	47	40	46	37	32	46	46	50	46	59	54	43	42	50	35	49	37	47	40	28	41	42	31	38	50	54	47	40	28	44	53	51	45	35	39	28	54	41	35	46	22	19	.	21	43	10
19	3548231	50	33	35	44	59	36	34	29	26	36	26	39	28	28	28	82	37	37	28	29	36	27	42	26	30	38	75	39	27	35	30	29	39	44	46	30	58	32	37	23	30	46	24	31	42	37	61	28	35	32	35	45	34	45	39	34	55	30	38	41	31	27	36	41	39	41	28	34	36	27	36	28	36	29	24	26	36	33	36	23	31	34	32	31	25	25	27	38	27	33	41	35	40	39	44	42	32	41	31	31	22	32	23	38	53	32	34	34	45	23	41	47	24	33	56	40	38	34	37	46	31	47	39	36	45	34	52	43	69	49	36	28	30	16	38	27	38	36	17	45	36	23	26	53	52	48	37	37	37	38	50	40	48	38	30	47	31	22	35	17	15	1	17	28	8
19	3563982	31	32	29	34	55	26	39	12	31	43	20	27	28	33	35	80	36	32	32	39	33	27	45	34	21	39	84	36	31	36	28	27	39	39	34	37	66	32	43	33	36	36	25	38	48	40	59	32	32	38	24	35	41	43	37	35	54	34	28	38	38	25	21	39	31	40	32	65	27	33	45	42	45	39	35	42	34	34	37	45	30	30	31	22	29	32	41	40	34	32	35	31	25	31	36	28	29	41	21	31	35	38	33	38	39	42	34	32	39	45	60	36	32	33	46	37	45	35	42	51	39	50	39	41	34	31	39	37	66	38	35	36	42	34	36	27	43	36	38	34	42	30	32	56	42	46	36	54	41	53	49	42	35	46	38	58	50	30	34	34	27	.	23	37	12
20	32665748	38	34	41	57	55	35	34	35	30	37	37	49	36	29	33	58	28	35	43	56	37	32	46	58	43	48	90	50	36	40	45	29	46	29	31	44	66	54	46	31	40	33	35	36	38	45	62	45	51	24	28	47	42	32	26	39	75	41	40	30	42	43	33	34	39	38	31	43	30	42	28	28	40	38	38	25	46	38	35	33	44	42	33	41	26	53	42	34	27	35	29	34	38	46	23	42	42	45	17	31	35	32	36	46	40	57	39	56	35	48	48	57	32	38	53	65	39	39	40	37	36	53	25	47	48	46	42	58	93	49	55	65	40	27	38	24	41	51	52	43	49	32	31	57	49	43	43	48	63	45	57	60	53	64	45	63	59	43	50	45	17	2	37	40	16
22	32963046	41	31	25	32	77	31	29	31	45	33	26	35	37	34	41	86	30	31	37	41	29	38	40	39	25	34	70	41	23	35	33	36	23	29	34	31	82	53	29	30	21	31	39	29	49	45	69	34	36	38	39	28	45	27	19	53	56	38	33	37	34	33	32	35	41	27	35	44	40	33	34	37	35	27	29	41	41	36	35	25	34	27	36	30	19	37	22	40	35	31	39	51	38	35	27	37	31	46	33	26	35	39	28	37	47	23	50	40	40	54	61	41	27	35	46	33	44	34	45	45	38	37	34	43	49	40	42	47	57	52	43	47	36	38	28	23	35	33	38	45	29	28	28	48	27	40	43	49	33	42	37	29	29	33	39	52	44	33	34	22	18	.	30	51	14
22	48240861	42	40	37	40	68	25	38	32	35	37	40	36	34	46	46	79	42	33	45	44	37	23	30	37	39	55	88	39	28	44	42	24	43	32	44	33	66	42	43	36	34	31	28	33	42	45	67	21	39	32	42	40	29	39	42	47	60	28	35	45	44	42	31	53	40	55	36	38	24	34	44	35	41	35	40	35	31	52	37	36	34	36	37	36	42	53	35	43	35	43	39	29	47	46	42	38	22	47	25	31	41	27	29	40	41	31	48	47	40	41	56	50	29	47	74	33	38	50	41	53	40	41	43	45	45	44	57	45	77	36	47	45	47	34	46	37	49	46	36	50	38	44	47	58	50	38	39	38	43	48	45	43	41	38	35	42	46	38	42	23	27	2	35	49	21
22	50895020	30	27	30	37	63	32	30	14	24	25	25	24	24	36	26	49	33	27	30	43	22	13	37	25	39	37	60	33	21	32	34	33	38	40	22	21	42	27	26	21	32	28	22	26	25	24	53	29	29	29	34	24	42	30	46	44	47	20	42	21	32	22	28	37	31	37	34	38	24	24	28	26	33	30	41	24	29	32	28	33	28	34	31	29	40	36	19	37	26	34	22	28	27	29	29	26	28	36	21	24	29	26	21	33	37	36	27	31	31	25	34	23	31	26	38	29	43	22	26	34	36	23	37	31	32	25	34	28	73	49	35	34	30	8	27	24	36	34	16	22	31	23	34	30	32	22	21	27	23	21	21	25	20	30	28	38	24	18	16	16	9	4	11	27	8
